map_family,map_size,map,slip,method,repeat,pair_id,host,n_states,iterations,state_updates,backup_count,time_sec,bellman_residual,max_value_error,start_value_error,error
corridor,256,corridor_256,0.0,sparse_vectorized_vi,0,corridor_256|0.0|0,node006,256,256,65536,262144,0.013437979039736092,0.0,0.0,0.0,
corridor,256,corridor_256,0.0,gauss_seidel_vi,0,corridor_256|0.0|0,node006,256,256,65536,262144,0.3097543269395828,0.0,0.0,0.0,
corridor,256,corridor_256,0.0,prioritized_sweeping,0,corridor_256|0.0|0,node006,256,32640,32640,522240,0.6970128909451887,0.0,0.0,0.0,
corridor,256,corridor_256,0.0,sparse_vectorized_vi,1,corridor_256|0.0|1,node003,256,256,65536,262144,0.013428965001367033,0.0,0.0,0.0,
corridor,256,corridor_256,0.0,gauss_seidel_vi,1,corridor_256|0.0|1,node003,256,256,65536,262144,0.31928602303378284,0.0,0.0,0.0,
corridor,256,corridor_256,0.0,prioritized_sweeping,1,corridor_256|0.0|1,node003,256,32640,32640,522240,0.6548325909534469,0.0,0.0,0.0,
corridor,256,corridor_256,0.0,sparse_vectorized_vi,2,corridor_256|0.0|2,node001,256,256,65536,262144,0.013337359065189958,0.0,0.0,0.0,
corridor,256,corridor_256,0.0,gauss_seidel_vi,2,corridor_256|0.0|2,node001,256,256,65536,262144,0.3147814229596406,0.0,0.0,0.0,
corridor,256,corridor_256,0.0,prioritized_sweeping,2,corridor_256|0.0|2,node001,256,32640,32640,522240,0.6582612069323659,0.0,0.0,0.0,
corridor,256,corridor_256,0.0,sparse_vectorized_vi,3,corridor_256|0.0|3,node005,256,256,65536,262144,0.013425156008452177,0.0,0.0,0.0,
corridor,256,corridor_256,0.0,gauss_seidel_vi,3,corridor_256|0.0|3,node005,256,256,65536,262144,0.30885494698304683,0.0,0.0,0.0,
corridor,256,corridor_256,0.0,prioritized_sweeping,3,corridor_256|0.0|3,node005,256,32640,32640,522240,0.6557069140253589,0.0,0.0,0.0,
corridor,256,corridor_256,0.0,sparse_vectorized_vi,4,corridor_256|0.0|4,node001,256,256,65536,262144,0.01326356502249837,0.0,0.0,0.0,
corridor,256,corridor_256,0.0,gauss_seidel_vi,4,corridor_256|0.0|4,node001,256,256,65536,262144,0.3093218579888344,0.0,0.0,0.0,
corridor,256,corridor_256,0.0,prioritized_sweeping,4,corridor_256|0.0|4,node001,256,32640,32640,522240,0.6575942710042,0.0,0.0,0.0,
corridor,256,corridor_256,0.05,sparse_vectorized_vi,0,corridor_256|0.05|0,node005,256,307,78592,314368,0.016095826984383166,3.5711877899302635e-11,7.477041208403534e-11,7.477041208403534e-11,
corridor,256,corridor_256,0.05,gauss_seidel_vi,0,corridor_256|0.05|0,node005,256,292,74752,299008,0.36354207003023475,2.4847679469530703e-11,3.923616986867273e-11,3.923616986867273e-11,
corridor,256,corridor_256,0.05,prioritized_sweeping,0,corridor_256|0.05|0,node005,256,118219,118219,2711400,3.8558537919307128,3.4575009522086475e-11,8.702407683358615e-10,7.316032224480296e-10,
corridor,256,corridor_256,0.05,sparse_vectorized_vi,1,corridor_256|0.05|1,node006,256,307,78592,314368,0.016950838966295123,3.5711877899302635e-11,7.477041208403534e-11,7.477041208403534e-11,
corridor,256,corridor_256,0.05,gauss_seidel_vi,1,corridor_256|0.05|1,node006,256,292,74752,299008,0.36611400195397437,2.4847679469530703e-11,3.923616986867273e-11,3.923616986867273e-11,
corridor,256,corridor_256,0.05,prioritized_sweeping,1,corridor_256|0.05|1,node006,256,118219,118219,2711400,3.937372391927056,3.4575009522086475e-11,8.702407683358615e-10,7.316032224480296e-10,
corridor,256,corridor_256,0.05,sparse_vectorized_vi,2,corridor_256|0.05|2,node003,256,307,78592,314368,0.01589729404076934,3.5711877899302635e-11,7.477041208403534e-11,7.477041208403534e-11,
corridor,256,corridor_256,0.05,gauss_seidel_vi,2,corridor_256|0.05|2,node003,256,292,74752,299008,0.36323857004754245,2.4847679469530703e-11,3.923616986867273e-11,3.923616986867273e-11,
corridor,256,corridor_256,0.05,prioritized_sweeping,2,corridor_256|0.05|2,node003,256,118219,118219,2711400,3.999599762959406,3.4575009522086475e-11,8.702407683358615e-10,7.316032224480296e-10,
corridor,256,corridor_256,0.05,sparse_vectorized_vi,3,corridor_256|0.05|3,node001,256,307,78592,314368,0.015959182986989617,3.5711877899302635e-11,7.477041208403534e-11,7.477041208403534e-11,
corridor,256,corridor_256,0.05,gauss_seidel_vi,3,corridor_256|0.05|3,node001,256,292,74752,299008,0.3576159729855135,2.4847679469530703e-11,3.923616986867273e-11,3.923616986867273e-11,
corridor,256,corridor_256,0.05,prioritized_sweeping,3,corridor_256|0.05|3,node001,256,118219,118219,2711400,3.8612626389367506,3.4575009522086475e-11,8.702407683358615e-10,7.316032224480296e-10,
corridor,256,corridor_256,0.05,sparse_vectorized_vi,4,corridor_256|0.05|4,node005,256,307,78592,314368,0.016005630022846162,3.5711877899302635e-11,7.477041208403534e-11,7.477041208403534e-11,
corridor,256,corridor_256,0.05,gauss_seidel_vi,4,corridor_256|0.05|4,node005,256,292,74752,299008,0.3568511550547555,2.4847679469530703e-11,3.923616986867273e-11,3.923616986867273e-11,
corridor,256,corridor_256,0.05,prioritized_sweeping,4,corridor_256|0.05|4,node005,256,118219,118219,2711400,3.962060780962929,3.4575009522086475e-11,8.702407683358615e-10,7.316032224480296e-10,
corridor,256,corridor_256,0.1,sparse_vectorized_vi,0,corridor_256|0.1|0,node001,256,341,87296,349184,0.017639065976254642,5.026379312766949e-11,1.3950796073913807e-10,1.3950796073913807e-10,
corridor,256,corridor_256,0.1,gauss_seidel_vi,0,corridor_256|0.1|0,node001,256,317,81152,324608,0.3791493340395391,3.703348738781642e-11,7.507594546041219e-11,7.507594546041219e-11,
corridor,256,corridor_256,0.1,prioritized_sweeping,0,corridor_256|0.1|0,node001,256,178666,178666,4111552,6.085248718038201,9.50457490489498e-11,8.879581514520396e-10,6.589999657080625e-10,
corridor,256,corridor_256,0.1,sparse_vectorized_vi,1,corridor_256|0.1|1,node005,256,341,87296,349184,0.03499655402265489,5.026379312766949e-11,1.3950796073913807e-10,1.3950796073913807e-10,
corridor,256,corridor_256,0.1,gauss_seidel_vi,1,corridor_256|0.1|1,node005,256,317,81152,324608,0.4062773180194199,3.703348738781642e-11,7.507594546041219e-11,7.507594546041219e-11,
corridor,256,corridor_256,0.1,prioritized_sweeping,1,corridor_256|0.1|1,node005,256,178666,178666,4111552,6.152042960980907,9.50457490489498e-11,8.879581514520396e-10,6.589999657080625e-10,
corridor,256,corridor_256,0.1,sparse_vectorized_vi,2,corridor_256|0.1|2,node006,256,341,87296,349184,0.01773657405283302,5.026379312766949e-11,1.3950796073913807e-10,1.3950796073913807e-10,
corridor,256,corridor_256,0.1,gauss_seidel_vi,2,corridor_256|0.1|2,node006,256,317,81152,324608,0.38496106897946447,3.703348738781642e-11,7.507594546041219e-11,7.507594546041219e-11,
corridor,256,corridor_256,0.1,prioritized_sweeping,2,corridor_256|0.1|2,node006,256,178666,178666,4111552,6.325125204981305,9.50457490489498e-11,8.879581514520396e-10,6.589999657080625e-10,
corridor,256,corridor_256,0.1,sparse_vectorized_vi,3,corridor_256|0.1|3,node003,256,341,87296,349184,0.020713304984383285,5.026379312766949e-11,1.3950796073913807e-10,1.3950796073913807e-10,
corridor,256,corridor_256,0.1,gauss_seidel_vi,3,corridor_256|0.1|3,node003,256,317,81152,324608,0.3976081890286878,3.703348738781642e-11,7.507594546041219e-11,7.507594546041219e-11,
corridor,256,corridor_256,0.1,prioritized_sweeping,3,corridor_256|0.1|3,node003,256,178666,178666,4111552,6.389563609031029,9.50457490489498e-11,8.879581514520396e-10,6.589999657080625e-10,
corridor,256,corridor_256,0.1,sparse_vectorized_vi,4,corridor_256|0.1|4,node001,256,341,87296,349184,0.017892675008624792,5.026379312766949e-11,1.3950796073913807e-10,1.3950796073913807e-10,
corridor,256,corridor_256,0.1,gauss_seidel_vi,4,corridor_256|0.1|4,node001,256,317,81152,324608,0.38496111589483917,3.703348738781642e-11,7.507594546041219e-11,7.507594546041219e-11,
corridor,256,corridor_256,0.1,prioritized_sweeping,4,corridor_256|0.1|4,node001,256,178666,178666,4111552,6.0333263060310856,9.50457490489498e-11,8.879581514520396e-10,6.589999657080625e-10,
corridor,512,corridor_512,0.0,sparse_vectorized_vi,0,corridor_512|0.0|0,node005,512,512,262144,1048576,0.02994245698209852,0.0,0.0,0.0,
corridor,512,corridor_512,0.0,gauss_seidel_vi,0,corridor_512|0.0|0,node005,512,512,262144,1048576,1.288764396100305,0.0,0.0,0.0,
corridor,512,corridor_512,0.0,prioritized_sweeping,0,corridor_512|0.0|0,node005,512,130816,130816,2093056,2.7010298430686817,0.0,0.0,0.0,
corridor,512,corridor_512,0.0,sparse_vectorized_vi,1,corridor_512|0.0|1,node003,512,512,262144,1048576,0.02956795901991427,0.0,0.0,0.0,
corridor,512,corridor_512,0.0,gauss_seidel_vi,1,corridor_512|0.0|1,node003,512,512,262144,1048576,1.25094857707154,0.0,0.0,0.0,
corridor,512,corridor_512,0.0,prioritized_sweeping,1,corridor_512|0.0|1,node003,512,130816,130816,2093056,2.645095171057619,0.0,0.0,0.0,
corridor,512,corridor_512,0.0,sparse_vectorized_vi,2,corridor_512|0.0|2,node006,512,512,262144,1048576,0.031676332000643015,0.0,0.0,0.0,
corridor,512,corridor_512,0.0,gauss_seidel_vi,2,corridor_512|0.0|2,node006,512,512,262144,1048576,1.2420905630569905,0.0,0.0,0.0,
corridor,512,corridor_512,0.0,prioritized_sweeping,2,corridor_512|0.0|2,node006,512,130816,130816,2093056,2.66377237404231,0.0,0.0,0.0,
corridor,512,corridor_512,0.0,sparse_vectorized_vi,3,corridor_512|0.0|3,node006,512,512,262144,1048576,0.03190628404263407,0.0,0.0,0.0,
corridor,512,corridor_512,0.0,gauss_seidel_vi,3,corridor_512|0.0|3,node006,512,512,262144,1048576,1.2853948540287092,0.0,0.0,0.0,
corridor,512,corridor_512,0.0,prioritized_sweeping,3,corridor_512|0.0|3,node006,512,130816,130816,2093056,2.827935356996022,0.0,0.0,0.0,
corridor,512,corridor_512,0.0,sparse_vectorized_vi,4,corridor_512|0.0|4,node003,512,512,262144,1048576,0.02954983792733401,0.0,0.0,0.0,
corridor,512,corridor_512,0.0,gauss_seidel_vi,4,corridor_512|0.0|4,node003,512,512,262144,1048576,1.257478753104806,0.0,0.0,0.0,
corridor,512,corridor_512,0.0,prioritized_sweeping,4,corridor_512|0.0|4,node003,512,130816,130816,2093056,2.688574651023373,0.0,0.0,0.0,
corridor,512,corridor_512,0.05,sparse_vectorized_vi,0,corridor_512|0.05|0,node001,512,571,292352,1169408,0.03275873709935695,6.801315066695679e-11,2.1548629547396558e-10,2.1548629547396558e-10,
corridor,512,corridor_512,0.05,gauss_seidel_vi,0,corridor_512|0.05|0,node001,512,555,284160,1136640,1.354112193104811,5.704237082682084e-11,1.3253043107397389e-10,1.3253043107397389e-10,
corridor,512,corridor_512,0.05,prioritized_sweeping,0,corridor_512|0.05|0,node001,512,319205,319205,7430448,12.252997286967002,9.904255193760036e-11,8.702407683358615e-10,3.5926461805502186e-10,
corridor,512,corridor_512,0.05,sparse_vectorized_vi,1,corridor_512|0.05|1,node005,512,571,292352,1169408,0.03575596702285111,6.801315066695679e-11,2.1548629547396558e-10,2.1548629547396558e-10,
corridor,512,corridor_512,0.05,gauss_seidel_vi,1,corridor_512|0.05|1,node005,512,555,284160,1136640,1.4550267170416191,5.704237082682084e-11,1.3253043107397389e-10,1.3253043107397389e-10,
corridor,512,corridor_512,0.05,prioritized_sweeping,1,corridor_512|0.05|1,node005,512,319205,319205,7430448,12.089076893986203,9.904255193760036e-11,8.702407683358615e-10,3.5926461805502186e-10,
corridor,512,corridor_512,0.05,sparse_vectorized_vi,2,corridor_512|0.05|2,node003,512,571,292352,1169408,0.036002214066684246,6.801315066695679e-11,2.1548629547396558e-10,2.1548629547396558e-10,
corridor,512,corridor_512,0.05,gauss_seidel_vi,2,corridor_512|0.05|2,node003,512,555,284160,1136640,1.423019548994489,5.704237082682084e-11,1.3253043107397389e-10,1.3253043107397389e-10,
corridor,512,corridor_512,0.05,prioritized_sweeping,2,corridor_512|0.05|2,node003,512,319205,319205,7430448,11.906358064967208,9.904255193760036e-11,8.702407683358615e-10,3.5926461805502186e-10,
corridor,512,corridor_512,0.05,sparse_vectorized_vi,3,corridor_512|0.05|3,node006,512,571,292352,1169408,0.03380395798012614,6.801315066695679e-11,2.1548629547396558e-10,2.1548629547396558e-10,
corridor,512,corridor_512,0.05,gauss_seidel_vi,3,corridor_512|0.05|3,node006,512,555,284160,1136640,1.3546829080441967,5.704237082682084e-11,1.3253043107397389e-10,1.3253043107397389e-10,
corridor,512,corridor_512,0.05,prioritized_sweeping,3,corridor_512|0.05|3,node006,512,319205,319205,7430448,11.21774498699233,9.904255193760036e-11,8.702407683358615e-10,3.5926461805502186e-10,
corridor,512,corridor_512,0.05,sparse_vectorized_vi,4,corridor_512|0.05|4,node006,512,571,292352,1169408,0.03803691396024078,6.801315066695679e-11,2.1548629547396558e-10,2.1548629547396558e-10,
corridor,512,corridor_512,0.05,gauss_seidel_vi,4,corridor_512|0.05|4,node006,512,555,284160,1136640,1.458274440956302,5.704237082682084e-11,1.3253043107397389e-10,1.3253043107397389e-10,
corridor,512,corridor_512,0.05,prioritized_sweeping,4,corridor_512|0.05|4,node006,512,319205,319205,7430448,11.915642948937602,9.904255193760036e-11,8.702407683358615e-10,3.5926461805502186e-10,
corridor,512,corridor_512,0.1,sparse_vectorized_vi,0,corridor_512|0.1|0,node003,512,618,316416,1265664,0.03547177102882415,7.465672524631373e-11,3.5134917197865434e-10,3.5134917197865434e-10,
corridor,512,corridor_512,0.1,gauss_seidel_vi,0,corridor_512|0.1|0,node003,512,590,302080,1208320,1.4696018169634044,7.040767968646833e-11,2.396021159256634e-10,2.396021159256634e-10,
corridor,512,corridor_512,0.1,prioritized_sweeping,0,corridor_512|0.1|0,node003,512,442513,442513,10270176,17.05578716599848,9.953282642527483e-11,1.8111947497345682e-09,5.867377694812603e-10,
corridor,512,corridor_512,0.1,sparse_vectorized_vi,1,corridor_512|0.1|1,node001,512,618,316416,1265664,0.03814085805788636,7.465672524631373e-11,3.5134917197865434e-10,3.5134917197865434e-10,
corridor,512,corridor_512,0.1,gauss_seidel_vi,1,corridor_512|0.1|1,node001,512,590,302080,1208320,1.4918892900459468,7.040767968646833e-11,2.396021159256634e-10,2.396021159256634e-10,
corridor,512,corridor_512,0.1,prioritized_sweeping,1,corridor_512|0.1|1,node001,512,442513,442513,10270176,17.28333623695653,9.953282642527483e-11,1.8111947497345682e-09,5.867377694812603e-10,
corridor,512,corridor_512,0.1,sparse_vectorized_vi,2,corridor_512|0.1|2,node005,512,618,316416,1265664,0.03774758707731962,7.465672524631373e-11,3.5134917197865434e-10,3.5134917197865434e-10,
corridor,512,corridor_512,0.1,gauss_seidel_vi,2,corridor_512|0.1|2,node005,512,590,302080,1208320,1.4639848319347948,7.040767968646833e-11,2.396021159256634e-10,2.396021159256634e-10,
corridor,512,corridor_512,0.1,prioritized_sweeping,2,corridor_512|0.1|2,node005,512,442513,442513,10270176,17.16231397399679,9.953282642527483e-11,1.8111947497345682e-09,5.867377694812603e-10,
corridor,512,corridor_512,0.1,sparse_vectorized_vi,3,corridor_512|0.1|3,node003,512,618,316416,1265664,0.03575747297145426,7.465672524631373e-11,3.5134917197865434e-10,3.5134917197865434e-10,
corridor,512,corridor_512,0.1,gauss_seidel_vi,3,corridor_512|0.1|3,node003,512,590,302080,1208320,1.4432473679771647,7.040767968646833e-11,2.396021159256634e-10,2.396021159256634e-10,
corridor,512,corridor_512,0.1,prioritized_sweeping,3,corridor_512|0.1|3,node003,512,442513,442513,10270176,16.316810064017773,9.953282642527483e-11,1.8111947497345682e-09,5.867377694812603e-10,
corridor,512,corridor_512,0.1,sparse_vectorized_vi,4,corridor_512|0.1|4,node006,512,618,316416,1265664,0.036629739101044834,7.465672524631373e-11,3.5134917197865434e-10,3.5134917197865434e-10,
corridor,512,corridor_512,0.1,gauss_seidel_vi,4,corridor_512|0.1|4,node006,512,590,302080,1208320,1.459191462956369,7.040767968646833e-11,2.396021159256634e-10,2.396021159256634e-10,
corridor,512,corridor_512,0.1,prioritized_sweeping,4,corridor_512|0.1|4,node006,512,442513,442513,10270176,17.172574506956153,9.953282642527483e-11,1.8111947497345682e-09,5.867377694812603e-10,
corridor,1024,corridor_1024,0.0,sparse_vectorized_vi,0,corridor_1024|0.0|0,node006,1024,757,775168,3100672,0.053556247032247484,9.687539659353206e-11,3.1975915248949605e-09,3.1975915248949605e-09,
corridor,1024,corridor_1024,0.0,gauss_seidel_vi,0,corridor_1024|0.0|0,node006,1024,757,775168,3100672,3.7385556540684775,9.687539659353206e-11,3.1975915248949605e-09,3.1975915248949605e-09,
corridor,1024,corridor_1024,0.0,prioritized_sweeping,0,corridor_1024|0.0|0,node006,1024,487998,487998,7809036,10.103229488944635,9.986678151108208e-11,3.2974583064060425e-09,3.2974583064060425e-09,
corridor,1024,corridor_1024,0.0,sparse_vectorized_vi,1,corridor_1024|0.0|1,node003,1024,757,775168,3100672,0.050918371067382395,9.687539659353206e-11,3.1975915248949605e-09,3.1975915248949605e-09,
corridor,1024,corridor_1024,0.0,gauss_seidel_vi,1,corridor_1024|0.0|1,node003,1024,757,775168,3100672,3.689363446086645,9.687539659353206e-11,3.1975915248949605e-09,3.1975915248949605e-09,
corridor,1024,corridor_1024,0.0,prioritized_sweeping,1,corridor_1024|0.0|1,node003,1024,487998,487998,7809036,10.59052355599124,9.986678151108208e-11,3.2974583064060425e-09,3.2974583064060425e-09,
corridor,1024,corridor_1024,0.0,sparse_vectorized_vi,2,corridor_1024|0.0|2,node001,1024,757,775168,3100672,0.05418839096091688,9.687539659353206e-11,3.1975915248949605e-09,3.1975915248949605e-09,
corridor,1024,corridor_1024,0.0,gauss_seidel_vi,2,corridor_1024|0.0|2,node001,1024,757,775168,3100672,3.782748155063018,9.687539659353206e-11,3.1975915248949605e-09,3.1975915248949605e-09,
corridor,1024,corridor_1024,0.0,prioritized_sweeping,2,corridor_1024|0.0|2,node001,1024,487998,487998,7809036,10.629473804030567,9.986678151108208e-11,3.2974583064060425e-09,3.2974583064060425e-09,
corridor,1024,corridor_1024,0.0,sparse_vectorized_vi,3,corridor_1024|0.0|3,node005,1024,757,775168,3100672,0.054049337981268764,9.687539659353206e-11,3.1975915248949605e-09,3.1975915248949605e-09,
corridor,1024,corridor_1024,0.0,gauss_seidel_vi,3,corridor_1024|0.0|3,node005,1024,757,775168,3100672,3.7251782950479537,9.687539659353206e-11,3.1975915248949605e-09,3.1975915248949605e-09,
corridor,1024,corridor_1024,0.0,prioritized_sweeping,3,corridor_1024|0.0|3,node005,1024,487998,487998,7809036,9.970930101932026,9.986678151108208e-11,3.2974583064060425e-09,3.2974583064060425e-09,
corridor,1024,corridor_1024,0.0,sparse_vectorized_vi,4,corridor_1024|0.0|4,node001,1024,757,775168,3100672,0.05144829803612083,9.687539659353206e-11,3.1975915248949605e-09,3.1975915248949605e-09,
corridor,1024,corridor_1024,0.0,gauss_seidel_vi,4,corridor_1024|0.0|4,node001,1024,757,775168,3100672,3.6475178719265386,9.687539659353206e-11,3.1975915248949605e-09,3.1975915248949605e-09,
corridor,1024,corridor_1024,0.0,prioritized_sweeping,4,corridor_1024|0.0|4,node001,1024,487998,487998,7809036,9.930961315985769,9.986678151108208e-11,3.2974583064060425e-09,3.2974583064060425e-09,
corridor,1024,corridor_1024,0.05,sparse_vectorized_vi,0,corridor_1024|0.05|0,node005,1024,757,775168,3100672,0.051085114013403654,9.687539659353206e-11,3.1975915248949605e-09,3.197584419467603e-09,
corridor,1024,corridor_1024,0.05,gauss_seidel_vi,0,corridor_1024|0.05|0,node005,1024,749,766976,3067904,3.7640731250867248,9.529799172014464e-11,3.101526147020195e-09,3.101526147020195e-09,
corridor,1024,corridor_1024,0.05,prioritized_sweeping,0,corridor_1024|0.05|0,node005,1024,840213,840213,19333404,32.393456869991496,9.987388693843968e-11,3.291361849733221e-09,3.277520477240614e-09,
corridor,1024,corridor_1024,0.05,sparse_vectorized_vi,1,corridor_1024|0.05|1,node006,1024,757,775168,3100672,0.053195592015981674,9.687539659353206e-11,3.1975915248949605e-09,3.197584419467603e-09,
corridor,1024,corridor_1024,0.05,gauss_seidel_vi,1,corridor_1024|0.05|1,node006,1024,749,766976,3067904,3.702524019056,9.529799172014464e-11,3.101526147020195e-09,3.101526147020195e-09,
corridor,1024,corridor_1024,0.05,prioritized_sweeping,1,corridor_1024|0.05|1,node006,1024,840213,840213,19333404,32.175252493005246,9.987388693843968e-11,3.291361849733221e-09,3.277520477240614e-09,
corridor,1024,corridor_1024,0.05,sparse_vectorized_vi,2,corridor_1024|0.05|2,node003,1024,757,775168,3100672,0.051162007031962276,9.687539659353206e-11,3.1975915248949605e-09,3.197584419467603e-09,
corridor,1024,corridor_1024,0.05,gauss_seidel_vi,2,corridor_1024|0.05|2,node003,1024,749,766976,3067904,3.7350919529562816,9.529799172014464e-11,3.101526147020195e-09,3.101526147020195e-09,
corridor,1024,corridor_1024,0.05,prioritized_sweeping,2,corridor_1024|0.05|2,node003,1024,840213,840213,19333404,33.61663209600374,9.987388693843968e-11,3.291361849733221e-09,3.277520477240614e-09,
corridor,1024,corridor_1024,0.05,sparse_vectorized_vi,3,corridor_1024|0.05|3,node001,1024,757,775168,3100672,0.05429827398620546,9.687539659353206e-11,3.1975915248949605e-09,3.197584419467603e-09,
corridor,1024,corridor_1024,0.05,gauss_seidel_vi,3,corridor_1024|0.05|3,node001,1024,749,766976,3067904,3.9159971909830347,9.529799172014464e-11,3.101526147020195e-09,3.101526147020195e-09,
corridor,1024,corridor_1024,0.05,prioritized_sweeping,3,corridor_1024|0.05|3,node001,1024,840213,840213,19333404,31.484655661974102,9.987388693843968e-11,3.291361849733221e-09,3.277520477240614e-09,
corridor,1024,corridor_1024,0.05,sparse_vectorized_vi,4,corridor_1024|0.05|4,node005,1024,757,775168,3100672,0.05472545698285103,9.687539659353206e-11,3.1975915248949605e-09,3.197584419467603e-09,
corridor,1024,corridor_1024,0.05,gauss_seidel_vi,4,corridor_1024|0.05|4,node005,1024,749,766976,3067904,3.6816862940322608,9.529799172014464e-11,3.101526147020195e-09,3.101526147020195e-09,
corridor,1024,corridor_1024,0.05,prioritized_sweeping,4,corridor_1024|0.05|4,node005,1024,840213,840213,19333404,30.01816012209747,9.987388693843968e-11,3.291361849733221e-09,3.277520477240614e-09,
corridor,1024,corridor_1024,0.1,sparse_vectorized_vi,0,corridor_1024|0.1|0,node003,1024,757,775168,3100672,0.05119607294909656,9.687539659353206e-11,3.1975773140402453e-09,3.1975773140402453e-09,
corridor,1024,corridor_1024,0.1,gauss_seidel_vi,0,corridor_1024|0.1|0,node003,1024,739,756736,3026944,3.807330169947818,9.423217761650449e-11,3.018982397406944e-09,3.018982397406944e-09,
corridor,1024,corridor_1024,0.1,prioritized_sweeping,0,corridor_1024|0.1|0,node003,1024,1008275,1008275,23142180,38.465749513939954,9.99804683488037e-11,3.2806326544232434e-09,3.2806326544232434e-09,
corridor,1024,corridor_1024,0.1,sparse_vectorized_vi,1,corridor_1024|0.1|1,node006,1024,757,775168,3100672,0.05248683306854218,9.687539659353206e-11,3.1975773140402453e-09,3.1975773140402453e-09,
corridor,1024,corridor_1024,0.1,gauss_seidel_vi,1,corridor_1024|0.1|1,node006,1024,739,756736,3026944,3.626896735979244,9.423217761650449e-11,3.018982397406944e-09,3.018982397406944e-09,
corridor,1024,corridor_1024,0.1,prioritized_sweeping,1,corridor_1024|0.1|1,node006,1024,1008275,1008275,23142180,36.90034873294644,9.99804683488037e-11,3.2806326544232434e-09,3.2806326544232434e-09,
corridor,1024,corridor_1024,0.1,sparse_vectorized_vi,2,corridor_1024|0.1|2,node006,1024,757,775168,3100672,0.054653414990752935,9.687539659353206e-11,3.1975773140402453e-09,3.1975773140402453e-09,
corridor,1024,corridor_1024,0.1,gauss_seidel_vi,2,corridor_1024|0.1|2,node006,1024,739,756736,3026944,3.684496161993593,9.423217761650449e-11,3.018982397406944e-09,3.018982397406944e-09,
corridor,1024,corridor_1024,0.1,prioritized_sweeping,2,corridor_1024|0.1|2,node006,1024,1008275,1008275,23142180,40.89944335096516,9.99804683488037e-11,3.2806326544232434e-09,3.2806326544232434e-09,
corridor,1024,corridor_1024,0.1,sparse_vectorized_vi,3,corridor_1024|0.1|3,node003,1024,757,775168,3100672,0.05159760592505336,9.687539659353206e-11,3.1975773140402453e-09,3.1975773140402453e-09,
corridor,1024,corridor_1024,0.1,gauss_seidel_vi,3,corridor_1024|0.1|3,node003,1024,739,756736,3026944,3.685471597011201,9.423217761650449e-11,3.018982397406944e-09,3.018982397406944e-09,
corridor,1024,corridor_1024,0.1,prioritized_sweeping,3,corridor_1024|0.1|3,node003,1024,1008275,1008275,23142180,37.30521268595476,9.99804683488037e-11,3.2806326544232434e-09,3.2806326544232434e-09,
corridor,1024,corridor_1024,0.1,sparse_vectorized_vi,4,corridor_1024|0.1|4,node001,1024,757,775168,3100672,0.05102044704835862,9.687539659353206e-11,3.1975773140402453e-09,3.1975773140402453e-09,
corridor,1024,corridor_1024,0.1,gauss_seidel_vi,4,corridor_1024|0.1|4,node001,1024,739,756736,3026944,3.6562232200521976,9.423217761650449e-11,3.018982397406944e-09,3.018982397406944e-09,
corridor,1024,corridor_1024,0.1,prioritized_sweeping,4,corridor_1024|0.1|4,node001,1024,1008275,1008275,23142180,39.86474135995377,9.99804683488037e-11,3.2806326544232434e-09,3.2806326544232434e-09,
open_room,24,open_room_24,0.0,sparse_vectorized_vi,0,open_room_24|0.0|0,node005,576,47,27072,108288,0.0029433449963107705,0.0,0.0,0.0,
open_room,24,open_room_24,0.0,gauss_seidel_vi,0,open_room_24|0.0|0,node005,576,47,27072,108288,0.1409284060355276,0.0,0.0,0.0,
open_room,24,open_room_24,0.0,prioritized_sweeping,0,open_room_24|0.0|0,node005,576,13248,13248,266888,0.37828148098196834,0.0,0.0,0.0,
open_room,24,open_room_24,0.0,sparse_vectorized_vi,1,open_room_24|0.0|1,node001,576,47,27072,108288,0.0032338181044906378,0.0,0.0,0.0,
open_room,24,open_room_24,0.0,gauss_seidel_vi,1,open_room_24|0.0|1,node001,576,47,27072,108288,0.14801292202901095,0.0,0.0,0.0,
open_room,24,open_room_24,0.0,prioritized_sweeping,1,open_room_24|0.0|1,node001,576,13248,13248,266888,0.38407690497115254,0.0,0.0,0.0,
open_room,24,open_room_24,0.0,sparse_vectorized_vi,2,open_room_24|0.0|2,node005,576,47,27072,108288,0.002971566980704665,0.0,0.0,0.0,
open_room,24,open_room_24,0.0,gauss_seidel_vi,2,open_room_24|0.0|2,node005,576,47,27072,108288,0.14768782001920044,0.0,0.0,0.0,
open_room,24,open_room_24,0.0,prioritized_sweeping,2,open_room_24|0.0|2,node005,576,13248,13248,266888,0.3871294870041311,0.0,0.0,0.0,
open_room,24,open_room_24,0.0,sparse_vectorized_vi,3,open_room_24|0.0|3,node002,576,47,27072,108288,0.0029392950236797333,0.0,0.0,0.0,
open_room,24,open_room_24,0.0,gauss_seidel_vi,3,open_room_24|0.0|3,node002,576,47,27072,108288,0.14093221607618034,0.0,0.0,0.0,
open_room,24,open_room_24,0.0,prioritized_sweeping,3,open_room_24|0.0|3,node002,576,13248,13248,266888,0.36501866404432803,0.0,0.0,0.0,
open_room,24,open_room_24,0.0,sparse_vectorized_vi,4,open_room_24|0.0|4,node006,576,47,27072,108288,0.003273959970101714,0.0,0.0,0.0,
open_room,24,open_room_24,0.0,gauss_seidel_vi,4,open_room_24|0.0|4,node006,576,47,27072,108288,0.15658989700023085,0.0,0.0,0.0,
open_room,24,open_room_24,0.0,prioritized_sweeping,4,open_room_24|0.0|4,node006,576,13248,13248,266888,0.3999027319950983,0.0,0.0,0.0,
open_room,24,open_room_24,0.05,sparse_vectorized_vi,0,open_room_24|0.05|0,node003,576,77,44352,177408,0.004717624047771096,2.800959464366315e-11,4.4003911625623005e-11,4.4003911625623005e-11,
open_room,24,open_room_24,0.05,gauss_seidel_vi,0,open_room_24|0.05|0,node003,576,63,36288,145152,0.19059913197997957,6.3806737671257e-12,7.215561481643817e-12,7.215561481643817e-12,
open_room,24,open_room_24,0.05,prioritized_sweeping,0,open_room_24|0.05|0,node003,576,107654,107654,3359300,6.023523765965365,9.477929552303976e-11,1.0217000578904845e-09,9.17601994387951e-10,
open_room,24,open_room_24,0.05,sparse_vectorized_vi,1,open_room_24|0.05|1,node001,576,77,44352,177408,0.005549486028030515,2.800959464366315e-11,4.4003911625623005e-11,4.4003911625623005e-11,
open_room,24,open_room_24,0.05,gauss_seidel_vi,1,open_room_24|0.05|1,node001,576,63,36288,145152,0.20585530495736748,6.3806737671257e-12,7.215561481643817e-12,7.215561481643817e-12,
open_room,24,open_room_24,0.05,prioritized_sweeping,1,open_room_24|0.05|1,node001,576,107654,107654,3359300,5.993515150970779,9.477929552303976e-11,1.0217000578904845e-09,9.17601994387951e-10,
open_room,24,open_room_24,0.05,sparse_vectorized_vi,2,open_room_24|0.05|2,node002,576,77,44352,177408,0.004790529026649892,2.800959464366315e-11,4.4003911625623005e-11,4.4003911625623005e-11,
open_room,24,open_room_24,0.05,gauss_seidel_vi,2,open_room_24|0.05|2,node002,576,63,36288,145152,0.18629033106844872,6.3806737671257e-12,7.215561481643817e-12,7.215561481643817e-12,
open_room,24,open_room_24,0.05,prioritized_sweeping,2,open_room_24|0.05|2,node002,576,107654,107654,3359300,5.38930356502533,9.477929552303976e-11,1.0217000578904845e-09,9.17601994387951e-10,
open_room,24,open_room_24,0.05,sparse_vectorized_vi,3,open_room_24|0.05|3,node003,576,77,44352,177408,0.005068668979220092,2.800959464366315e-11,4.4003911625623005e-11,4.4003911625623005e-11,
open_room,24,open_room_24,0.05,gauss_seidel_vi,3,open_room_24|0.05|3,node003,576,63,36288,145152,0.1940412160474807,6.3806737671257e-12,7.215561481643817e-12,7.215561481643817e-12,
open_room,24,open_room_24,0.05,prioritized_sweeping,3,open_room_24|0.05|3,node003,576,107654,107654,3359300,5.72441875806544,9.477929552303976e-11,1.0217000578904845e-09,9.17601994387951e-10,
open_room,24,open_room_24,0.05,sparse_vectorized_vi,4,open_room_24|0.05|4,node005,576,77,44352,177408,0.004786101984791458,2.800959464366315e-11,4.4003911625623005e-11,4.4003911625623005e-11,
open_room,24,open_room_24,0.05,gauss_seidel_vi,4,open_room_24|0.05|4,node005,576,63,36288,145152,0.18858876707963645,6.3806737671257e-12,7.215561481643817e-12,7.215561481643817e-12,
open_room,24,open_room_24,0.05,prioritized_sweeping,4,open_room_24|0.05|4,node005,576,107654,107654,3359300,5.816441708011553,9.477929552303976e-11,1.0217000578904845e-09,9.17601994387951e-10,
open_room,24,open_room_24,0.1,sparse_vectorized_vi,0,open_room_24|0.1|0,node002,576,92,52992,211968,0.005695187021046877,3.744204946087848e-11,7.751310704406933e-11,7.751310704406933e-11,
open_room,24,open_room_24,0.1,gauss_seidel_vi,0,open_room_24|0.1|0,node002,576,71,40896,163584,0.21460524608846754,1.262989712813578e-11,1.659827830735594e-11,1.659827830735594e-11,
open_room,24,open_room_24,0.1,prioritized_sweeping,0,open_room_24|0.1|0,node002,576,170675,170675,5306388,9.005773857003078,9.885781082630274e-11,1.106705838083144e-09,1.0983107756601385e-09,
open_room,24,open_room_24,0.1,sparse_vectorized_vi,1,open_room_24|0.1|1,node006,576,92,52992,211968,0.00577874097507447,3.744204946087848e-11,7.751310704406933e-11,7.751310704406933e-11,
open_room,24,open_room_24,0.1,gauss_seidel_vi,1,open_room_24|0.1|1,node006,576,71,40896,163584,0.21600635501090437,1.262989712813578e-11,1.659827830735594e-11,1.659827830735594e-11,
open_room,24,open_room_24,0.1,prioritized_sweeping,1,open_room_24|0.1|1,node006,576,170675,170675,5306388,9.797968550003134,9.885781082630274e-11,1.106705838083144e-09,1.0983107756601385e-09,
open_room,24,open_room_24,0.1,sparse_vectorized_vi,2,open_room_24|0.1|2,node003,576,92,52992,211968,0.006052345037460327,3.744204946087848e-11,7.751310704406933e-11,7.751310704406933e-11,
open_room,24,open_room_24,0.1,gauss_seidel_vi,2,open_room_24|0.1|2,node003,576,71,40896,163584,0.22518600500188768,1.262989712813578e-11,1.659827830735594e-11,1.659827830735594e-11,
open_room,24,open_room_24,0.1,prioritized_sweeping,2,open_room_24|0.1|2,node003,576,170675,170675,5306388,9.524953125976026,9.885781082630274e-11,1.106705838083144e-09,1.0983107756601385e-09,
open_room,24,open_room_24,0.1,sparse_vectorized_vi,3,open_room_24|0.1|3,node006,576,92,52992,211968,0.006276522995904088,3.744204946087848e-11,7.751310704406933e-11,7.751310704406933e-11,
open_room,24,open_room_24,0.1,gauss_seidel_vi,3,open_room_24|0.1|3,node006,576,71,40896,163584,0.22383290994912386,1.262989712813578e-11,1.659827830735594e-11,1.659827830735594e-11,
open_room,24,open_room_24,0.1,prioritized_sweeping,3,open_room_24|0.1|3,node006,576,170675,170675,5306388,9.505510285962373,9.885781082630274e-11,1.106705838083144e-09,1.0983107756601385e-09,
open_room,24,open_room_24,0.1,sparse_vectorized_vi,4,open_room_24|0.1|4,node001,576,92,52992,211968,0.006312241079285741,3.744204946087848e-11,7.751310704406933e-11,7.751310704406933e-11,
open_room,24,open_room_24,0.1,gauss_seidel_vi,4,open_room_24|0.1|4,node001,576,71,40896,163584,0.2274987290147692,1.262989712813578e-11,1.659827830735594e-11,1.659827830735594e-11,
open_room,24,open_room_24,0.1,prioritized_sweeping,4,open_room_24|0.1|4,node001,576,170675,170675,5306388,9.937019863980822,9.885781082630274e-11,1.106705838083144e-09,1.0983107756601385e-09,
open_room,32,open_room_32,0.0,sparse_vectorized_vi,0,open_room_32|0.0|0,node001,1024,63,64512,258048,0.005336954025551677,0.0,0.0,0.0,
open_room,32,open_room_32,0.0,gauss_seidel_vi,0,open_room_32|0.0|0,node001,1024,63,64512,258048,0.3378234739648178,0.0,0.0,0.0,
open_room,32,open_room_32,0.0,prioritized_sweeping,0,open_room_32|0.0|0,node001,1024,31744,31744,638472,0.9154618589673191,0.0,0.0,0.0,
open_room,32,open_room_32,0.0,sparse_vectorized_vi,1,open_room_32|0.0|1,node005,1024,63,64512,258048,0.004976834054104984,0.0,0.0,0.0,
open_room,32,open_room_32,0.0,gauss_seidel_vi,1,open_room_32|0.0|1,node005,1024,63,64512,258048,0.37130811903625727,0.0,0.0,0.0,
open_room,32,open_room_32,0.0,prioritized_sweeping,1,open_room_32|0.0|1,node005,1024,31744,31744,638472,0.9487588310148567,0.0,0.0,0.0,
open_room,32,open_room_32,0.0,sparse_vectorized_vi,2,open_room_32|0.0|2,node002,1024,63,64512,258048,0.004604557994753122,0.0,0.0,0.0,
open_room,32,open_room_32,0.0,gauss_seidel_vi,2,open_room_32|0.0|2,node002,1024,63,64512,258048,0.33898996096104383,0.0,0.0,0.0,
open_room,32,open_room_32,0.0,prioritized_sweeping,2,open_room_32|0.0|2,node002,1024,31744,31744,638472,0.8972477270290256,0.0,0.0,0.0,
open_room,32,open_room_32,0.0,sparse_vectorized_vi,3,open_room_32|0.0|3,node006,1024,63,64512,258048,0.004777009948156774,0.0,0.0,0.0,
open_room,32,open_room_32,0.0,gauss_seidel_vi,3,open_room_32|0.0|3,node006,1024,63,64512,258048,0.33808199991472065,0.0,0.0,0.0,
open_room,32,open_room_32,0.0,prioritized_sweeping,3,open_room_32|0.0|3,node006,1024,31744,31744,638472,0.8700817719800398,0.0,0.0,0.0,
open_room,32,open_room_32,0.0,sparse_vectorized_vi,4,open_room_32|0.0|4,node006,1024,63,64512,258048,0.004595623933710158,0.0,0.0,0.0,
open_room,32,open_room_32,0.0,gauss_seidel_vi,4,open_room_32|0.0|4,node006,1024,63,64512,258048,0.342367947101593,0.0,0.0,0.0,
open_room,32,open_room_32,0.0,prioritized_sweeping,4,open_room_32|0.0|4,node006,1024,31744,31744,638472,0.8829637409653515,0.0,0.0,0.0,
open_room,32,open_room_32,0.05,sparse_vectorized_vi,0,open_room_32|0.05|0,node005,1024,96,98304,393216,0.006951201008632779,2.3014479211269645e-11,3.942091097997036e-11,3.942091097997036e-11,
open_room,32,open_room_32,0.05,gauss_seidel_vi,0,open_room_32|0.05|0,node005,1024,81,82944,331776,0.44232197292149067,3.3644198538240744e-12,3.6202152386977104e-12,3.6202152386977104e-12,
open_room,32,open_room_32,0.05,prioritized_sweeping,0,open_room_32|0.05|0,node005,1024,289333,289333,8960544,15.040535030071624,9.990941407522769e-11,8.360139247542975e-10,7.145928293539328e-10,
open_room,32,open_room_32,0.05,sparse_vectorized_vi,1,open_room_32|0.05|1,node003,1024,96,98304,393216,0.00728441309183836,2.3014479211269645e-11,3.942091097997036e-11,3.942091097997036e-11,
open_room,32,open_room_32,0.05,gauss_seidel_vi,1,open_room_32|0.05|1,node003,1024,81,82944,331776,0.4616418689256534,3.3644198538240744e-12,3.6202152386977104e-12,3.6202152386977104e-12,
open_room,32,open_room_32,0.05,prioritized_sweeping,1,open_room_32|0.05|1,node003,1024,289333,289333,8960544,17.966007896931842,9.990941407522769e-11,8.360139247542975e-10,7.145928293539328e-10,
open_room,32,open_room_32,0.05,sparse_vectorized_vi,2,open_room_32|0.05|2,node001,1024,96,98304,393216,0.00758455996401608,2.3014479211269645e-11,3.942091097997036e-11,3.942091097997036e-11,
open_room,32,open_room_32,0.05,gauss_seidel_vi,2,open_room_32|0.05|2,node001,1024,81,82944,331776,0.47078332293312997,3.3644198538240744e-12,3.6202152386977104e-12,3.6202152386977104e-12,
open_room,32,open_room_32,0.05,prioritized_sweeping,2,open_room_32|0.05|2,node001,1024,289333,289333,8960544,17.754295220016502,9.990941407522769e-11,8.360139247542975e-10,7.145928293539328e-10,
open_room,32,open_room_32,0.05,sparse_vectorized_vi,3,open_room_32|0.05|3,node005,1024,96,98304,393216,0.007050136919133365,2.3014479211269645e-11,3.942091097997036e-11,3.942091097997036e-11,
open_room,32,open_room_32,0.05,gauss_seidel_vi,3,open_room_32|0.05|3,node005,1024,81,82944,331776,0.43990743393078446,3.3644198538240744e-12,3.6202152386977104e-12,3.6202152386977104e-12,
open_room,32,open_room_32,0.05,prioritized_sweeping,3,open_room_32|0.05|3,node005,1024,289333,289333,8960544,16.343683385057375,9.990941407522769e-11,8.360139247542975e-10,7.145928293539328e-10,
open_room,32,open_room_32,0.05,sparse_vectorized_vi,4,open_room_32|0.05|4,node002,1024,96,98304,393216,0.007445723982527852,2.3014479211269645e-11,3.942091097997036e-11,3.942091097997036e-11,
open_room,32,open_room_32,0.05,gauss_seidel_vi,4,open_room_32|0.05|4,node002,1024,81,82944,331776,0.4488974859705195,3.3644198538240744e-12,3.6202152386977104e-12,3.6202152386977104e-12,
open_room,32,open_room_32,0.05,prioritized_sweeping,4,open_room_32|0.05|4,node002,1024,289333,289333,8960544,16.999084708979353,9.990941407522769e-11,8.360139247542975e-10,7.145928293539328e-10,
open_room,32,open_room_32,0.1,sparse_vectorized_vi,0,open_room_32|0.1|0,node006,1024,113,115712,462848,0.008134630043059587,4.0103032006300054e-11,8.386891181544343e-11,8.386891181544343e-11,
open_room,32,open_room_32,0.1,gauss_seidel_vi,0,open_room_32|0.1|0,node006,1024,89,91136,364544,0.4928518859669566,2.956213052129897e-11,4.0884629015636165e-11,4.0884629015636165e-11,
open_room,32,open_room_32,0.1,prioritized_sweeping,0,open_room_32|0.1|0,node006,1024,404023,404023,12571556,22.497823041980155,7.216627295747458e-11,8.554792430004454e-10,3.987317143128166e-10,
open_room,32,open_room_32,0.1,sparse_vectorized_vi,1,open_room_32|0.1|1,node005,1024,113,115712,462848,0.008407191024161875,4.0103032006300054e-11,8.386891181544343e-11,8.386891181544343e-11,
open_room,32,open_room_32,0.1,gauss_seidel_vi,1,open_room_32|0.1|1,node005,1024,89,91136,364544,0.4852543369634077,2.956213052129897e-11,4.0884629015636165e-11,4.0884629015636165e-11,
open_room,32,open_room_32,0.1,prioritized_sweeping,1,open_room_32|0.1|1,node005,1024,404023,404023,12571556,22.98479764489457,7.216627295747458e-11,8.554792430004454e-10,3.987317143128166e-10,
open_room,32,open_room_32,0.1,sparse_vectorized_vi,2,open_room_32|0.1|2,node006,1024,113,115712,462848,0.008174521033652127,4.0103032006300054e-11,8.386891181544343e-11,8.386891181544343e-11,
open_room,32,open_room_32,0.1,gauss_seidel_vi,2,open_room_32|0.1|2,node006,1024,89,91136,364544,0.4827001680387184,2.956213052129897e-11,4.0884629015636165e-11,4.0884629015636165e-11,
open_room,32,open_room_32,0.1,prioritized_sweeping,2,open_room_32|0.1|2,node006,1024,404023,404023,12571556,24.43109737697523,7.216627295747458e-11,8.554792430004454e-10,3.987317143128166e-10,
open_room,32,open_room_32,0.1,sparse_vectorized_vi,3,open_room_32|0.1|3,node003,1024,113,115712,462848,0.008738178992643952,4.0103032006300054e-11,8.386891181544343e-11,8.386891181544343e-11,
open_room,32,open_room_32,0.1,gauss_seidel_vi,3,open_room_32|0.1|3,node003,1024,89,91136,364544,0.5039067729376256,2.956213052129897e-11,4.0884629015636165e-11,4.0884629015636165e-11,
open_room,32,open_room_32,0.1,prioritized_sweeping,3,open_room_32|0.1|3,node003,1024,404023,404023,12571556,24.91293519595638,7.216627295747458e-11,8.554792430004454e-10,3.987317143128166e-10,
open_room,32,open_room_32,0.1,sparse_vectorized_vi,4,open_room_32|0.1|4,node001,1024,113,115712,462848,0.008667983929626644,4.0103032006300054e-11,8.386891181544343e-11,8.386891181544343e-11,
open_room,32,open_room_32,0.1,gauss_seidel_vi,4,open_room_32|0.1|4,node001,1024,89,91136,364544,0.5103468559682369,2.956213052129897e-11,4.0884629015636165e-11,4.0884629015636165e-11,
open_room,32,open_room_32,0.1,prioritized_sweeping,4,open_room_32|0.1|4,node001,1024,404023,404023,12571556,24.37925407802686,7.216627295747458e-11,8.554792430004454e-10,3.987317143128166e-10,
four_rooms,21,four_rooms_21,0.0,sparse_vectorized_vi,0,four_rooms_21|0.0|0,node005,404,41,16564,66256,0.002371411072090268,0.0,0.0,0.0,
four_rooms,21,four_rooms_21,0.0,gauss_seidel_vi,0,four_rooms_21|0.0|0,node005,404,41,16564,66256,0.09042411297559738,0.0,0.0,0.0,
four_rooms,21,four_rooms_21,0.0,prioritized_sweeping,0,four_rooms_21|0.0|0,node005,404,8740,8740,174616,0.24328930804040283,0.0,0.0,0.0,
four_rooms,21,four_rooms_21,0.0,sparse_vectorized_vi,1,four_rooms_21|0.0|1,node006,404,41,16564,66256,0.002415077993646264,0.0,0.0,0.0,
four_rooms,21,four_rooms_21,0.0,gauss_seidel_vi,1,four_rooms_21|0.0|1,node006,404,41,16564,66256,0.09548459900543094,0.0,0.0,0.0,
four_rooms,21,four_rooms_21,0.0,prioritized_sweeping,1,four_rooms_21|0.0|1,node006,404,8740,8740,174616,0.24042479402851313,0.0,0.0,0.0,
four_rooms,21,four_rooms_21,0.0,sparse_vectorized_vi,2,four_rooms_21|0.0|2,node005,404,41,16564,66256,0.002381086931563914,0.0,0.0,0.0,
four_rooms,21,four_rooms_21,0.0,gauss_seidel_vi,2,four_rooms_21|0.0|2,node005,404,41,16564,66256,0.08523224096279591,0.0,0.0,0.0,
four_rooms,21,four_rooms_21,0.0,prioritized_sweeping,2,four_rooms_21|0.0|2,node005,404,8740,8740,174616,0.23569777293596417,0.0,0.0,0.0,
four_rooms,21,four_rooms_21,0.0,sparse_vectorized_vi,3,four_rooms_21|0.0|3,node002,404,41,16564,66256,0.0025613970356062055,0.0,0.0,0.0,
four_rooms,21,four_rooms_21,0.0,gauss_seidel_vi,3,four_rooms_21|0.0|3,node002,404,41,16564,66256,0.09171090601012111,0.0,0.0,0.0,
four_rooms,21,four_rooms_21,0.0,prioritized_sweeping,3,four_rooms_21|0.0|3,node002,404,8740,8740,174616,0.25145570596214384,0.0,0.0,0.0,
four_rooms,21,four_rooms_21,0.0,sparse_vectorized_vi,4,four_rooms_21|0.0|4,node006,404,41,16564,66256,0.0026036810595542192,0.0,0.0,0.0,
four_rooms,21,four_rooms_21,0.0,gauss_seidel_vi,4,four_rooms_21|0.0|4,node006,404,41,16564,66256,0.08740979398135096,0.0,0.0,0.0,
four_rooms,21,four_rooms_21,0.0,prioritized_sweeping,4,four_rooms_21|0.0|4,node006,404,8740,8740,174616,0.2420017879921943,0.0,0.0,0.0,
four_rooms,21,four_rooms_21,0.05,sparse_vectorized_vi,0,four_rooms_21|0.05|0,node003,404,71,28684,114736,0.004426253959536552,1.7216450487467228e-11,2.7068125518781017e-11,2.7068125518781017e-11,
four_rooms,21,four_rooms_21,0.05,gauss_seidel_vi,0,four_rooms_21|0.05|0,node003,404,57,23028,92112,0.12813483295030892,9.052314453583676e-12,1.021049911287264e-11,1.021049911287264e-11,
four_rooms,21,four_rooms_21,0.05,prioritized_sweeping,0,four_rooms_21|0.05|0,node003,404,80876,80876,2464044,4.311045210924931,9.987211058160028e-11,9.98824134512688e-10,7.259117751345912e-10,
four_rooms,21,four_rooms_21,0.05,sparse_vectorized_vi,1,four_rooms_21|0.05|1,node001,404,71,28684,114736,0.004252844024449587,1.7216450487467228e-11,2.7068125518781017e-11,2.7068125518781017e-11,
four_rooms,21,four_rooms_21,0.05,gauss_seidel_vi,1,four_rooms_21|0.05|1,node001,404,57,23028,92112,0.129493952030316,9.052314453583676e-12,1.021049911287264e-11,1.021049911287264e-11,
four_rooms,21,four_rooms_21,0.05,prioritized_sweeping,1,four_rooms_21|0.05|1,node001,404,80876,80876,2464044,4.246209271950647,9.987211058160028e-11,9.98824134512688e-10,7.259117751345912e-10,
four_rooms,21,four_rooms_21,0.05,sparse_vectorized_vi,2,four_rooms_21|0.05|2,node006,404,71,28684,114736,0.004137141979299486,1.7216450487467228e-11,2.7068125518781017e-11,2.7068125518781017e-11,
four_rooms,21,four_rooms_21,0.05,gauss_seidel_vi,2,four_rooms_21|0.05|2,node006,404,57,23028,92112,0.12556706799659878,9.052314453583676e-12,1.021049911287264e-11,1.021049911287264e-11,
four_rooms,21,four_rooms_21,0.05,prioritized_sweeping,2,four_rooms_21|0.05|2,node006,404,80876,80876,2464044,4.077463728026487,9.987211058160028e-11,9.98824134512688e-10,7.259117751345912e-10,
four_rooms,21,four_rooms_21,0.05,sparse_vectorized_vi,3,four_rooms_21|0.05|3,node005,404,71,28684,114736,0.004131871974095702,1.7216450487467228e-11,2.7068125518781017e-11,2.7068125518781017e-11,
four_rooms,21,four_rooms_21,0.05,gauss_seidel_vi,3,four_rooms_21|0.05|3,node005,404,57,23028,92112,0.11861615302041173,9.052314453583676e-12,1.021049911287264e-11,1.021049911287264e-11,
four_rooms,21,four_rooms_21,0.05,prioritized_sweeping,3,four_rooms_21|0.05|3,node005,404,80876,80876,2464044,4.006779164075851,9.987211058160028e-11,9.98824134512688e-10,7.259117751345912e-10,
four_rooms,21,four_rooms_21,0.05,sparse_vectorized_vi,4,four_rooms_21|0.05|4,node005,404,71,28684,114736,0.004826132906600833,1.7216450487467228e-11,2.7068125518781017e-11,2.7068125518781017e-11,
four_rooms,21,four_rooms_21,0.05,gauss_seidel_vi,4,four_rooms_21|0.05|4,node005,404,57,23028,92112,0.12884212599601597,9.052314453583676e-12,1.021049911287264e-11,1.021049911287264e-11,
four_rooms,21,four_rooms_21,0.05,prioritized_sweeping,4,four_rooms_21|0.05|4,node005,404,80876,80876,2464044,4.210816309088841,9.987211058160028e-11,9.98824134512688e-10,7.259117751345912e-10,
four_rooms,21,four_rooms_21,0.1,sparse_vectorized_vi,0,four_rooms_21|0.1|0,node002,404,85,34340,137360,0.005590746062807739,4.9965365178650245e-11,1.0221157253909041e-10,1.0221157253909041e-10,
four_rooms,21,four_rooms_21,0.1,gauss_seidel_vi,0,four_rooms_21|0.1|0,node002,404,65,26260,105040,0.1427139570005238,1.9756640767809586e-11,2.651390218488814e-11,2.651390218488814e-11,
four_rooms,21,four_rooms_21,0.1,prioritized_sweeping,0,four_rooms_21|0.1|0,node002,404,128614,128614,3933984,6.501323787961155,9.239986553666313e-11,8.359073433439335e-10,8.224994019201404e-10,
four_rooms,21,four_rooms_21,0.1,sparse_vectorized_vi,1,four_rooms_21|0.1|1,node006,404,85,34340,137360,0.00515775999519974,4.9965365178650245e-11,1.0221157253909041e-10,1.0221157253909041e-10,
four_rooms,21,four_rooms_21,0.1,gauss_seidel_vi,1,four_rooms_21|0.1|1,node006,404,65,26260,105040,0.1409849360352382,1.9756640767809586e-11,2.651390218488814e-11,2.651390218488814e-11,
four_rooms,21,four_rooms_21,0.1,prioritized_sweeping,1,four_rooms_21|0.1|1,node006,404,128614,128614,3933984,6.981924784951843,9.239986553666313e-11,8.359073433439335e-10,8.224994019201404e-10,
four_rooms,21,four_rooms_21,0.1,sparse_vectorized_vi,2,four_rooms_21|0.1|2,node003,404,85,34340,137360,0.005210582981817424,4.9965365178650245e-11,1.0221157253909041e-10,1.0221157253909041e-10,
four_rooms,21,four_rooms_21,0.1,gauss_seidel_vi,2,four_rooms_21|0.1|2,node003,404,65,26260,105040,0.1433784730033949,1.9756640767809586e-11,2.651390218488814e-11,2.651390218488814e-11,
four_rooms,21,four_rooms_21,0.1,prioritized_sweeping,2,four_rooms_21|0.1|2,node003,404,128614,128614,3933984,6.981811356032267,9.239986553666313e-11,8.359073433439335e-10,8.224994019201404e-10,
four_rooms,21,four_rooms_21,0.1,sparse_vectorized_vi,3,four_rooms_21|0.1|3,node002,404,85,34340,137360,0.004851473029702902,4.9965365178650245e-11,1.0221157253909041e-10,1.0221157253909041e-10,
four_rooms,21,four_rooms_21,0.1,gauss_seidel_vi,3,four_rooms_21|0.1|3,node002,404,65,26260,105040,0.13663807604461908,1.9756640767809586e-11,2.651390218488814e-11,2.651390218488814e-11,
four_rooms,21,four_rooms_21,0.1,prioritized_sweeping,3,four_rooms_21|0.1|3,node002,404,128614,128614,3933984,6.382209490053356,9.239986553666313e-11,8.359073433439335e-10,8.224994019201404e-10,
four_rooms,21,four_rooms_21,0.1,sparse_vectorized_vi,4,four_rooms_21|0.1|4,node003,404,85,34340,137360,0.005198272061534226,4.9965365178650245e-11,1.0221157253909041e-10,1.0221157253909041e-10,
four_rooms,21,four_rooms_21,0.1,gauss_seidel_vi,4,four_rooms_21|0.1|4,node003,404,65,26260,105040,0.15102608501911163,1.9756640767809586e-11,2.651390218488814e-11,2.651390218488814e-11,
four_rooms,21,four_rooms_21,0.1,prioritized_sweeping,4,four_rooms_21|0.1|4,node003,404,128614,128614,3933984,6.357394519960508,9.239986553666313e-11,8.359073433439335e-10,8.224994019201404e-10,
four_rooms,31,four_rooms_31,0.0,sparse_vectorized_vi,0,four_rooms_31|0.0|0,node001,904,61,55144,220576,0.004587774048559368,0.0,0.0,0.0,
four_rooms,31,four_rooms_31,0.0,gauss_seidel_vi,0,four_rooms_31|0.0|0,node001,904,61,55144,220576,0.29013757093343884,0.0,0.0,0.0,
four_rooms,31,four_rooms_31,0.0,prioritized_sweeping,0,four_rooms_31|0.0|0,node001,904,29080,29080,582528,0.8544104809407145,0.0,0.0,0.0,
four_rooms,31,four_rooms_31,0.0,sparse_vectorized_vi,1,four_rooms_31|0.0|1,node005,904,61,55144,220576,0.004574556020088494,0.0,0.0,0.0,
four_rooms,31,four_rooms_31,0.0,gauss_seidel_vi,1,four_rooms_31|0.0|1,node005,904,61,55144,220576,0.30475223099347204,0.0,0.0,0.0,
four_rooms,31,four_rooms_31,0.0,prioritized_sweeping,1,four_rooms_31|0.0|1,node005,904,29080,29080,582528,0.8356366730295122,0.0,0.0,0.0,
four_rooms,31,four_rooms_31,0.0,sparse_vectorized_vi,2,four_rooms_31|0.0|2,node002,904,61,55144,220576,0.004307730938307941,0.0,0.0,0.0,
four_rooms,31,four_rooms_31,0.0,gauss_seidel_vi,2,four_rooms_31|0.0|2,node002,904,61,55144,220576,0.2877300319960341,0.0,0.0,0.0,
four_rooms,31,four_rooms_31,0.0,prioritized_sweeping,2,four_rooms_31|0.0|2,node002,904,29080,29080,582528,0.7986957669490948,0.0,0.0,0.0,
four_rooms,31,four_rooms_31,0.0,sparse_vectorized_vi,3,four_rooms_31|0.0|3,node006,904,61,55144,220576,0.004721722099930048,0.0,0.0,0.0,
four_rooms,31,four_rooms_31,0.0,gauss_seidel_vi,3,four_rooms_31|0.0|3,node006,904,61,55144,220576,0.3106441739946604,0.0,0.0,0.0,
four_rooms,31,four_rooms_31,0.0,prioritized_sweeping,3,four_rooms_31|0.0|3,node006,904,29080,29080,582528,0.8669250179082155,0.0,0.0,0.0,
four_rooms,31,four_rooms_31,0.0,sparse_vectorized_vi,4,four_rooms_31|0.0|4,node001,904,61,55144,220576,0.004297857987694442,0.0,0.0,0.0,
four_rooms,31,four_rooms_31,0.0,gauss_seidel_vi,4,four_rooms_31|0.0|4,node001,904,61,55144,220576,0.29358003195375204,0.0,0.0,0.0,
four_rooms,31,four_rooms_31,0.0,prioritized_sweeping,4,four_rooms_31|0.0|4,node001,904,29080,29080,582528,0.8006135770119727,0.0,0.0,0.0,
four_rooms,31,four_rooms_31,0.05,sparse_vectorized_vi,0,four_rooms_31|0.05|0,node006,904,94,84976,339904,0.006777568021789193,2.8883562208648073e-11,4.89173146434041e-11,4.89173146434041e-11,
four_rooms,31,four_rooms_31,0.05,gauss_seidel_vi,0,four_rooms_31|0.05|0,node006,904,79,71416,285664,0.37564153608400375,6.995293233558186e-12,7.961631354191923e-12,7.961631354191923e-12,
four_rooms,31,four_rooms_31,0.05,prioritized_sweeping,0,four_rooms_31|0.05|0,node006,904,250567,250567,7709200,14.240551549009979,8.130363049474454e-11,7.687006586820644e-10,6.680593855890038e-10,
four_rooms,31,four_rooms_31,0.05,sparse_vectorized_vi,1,four_rooms_31|0.05|1,node003,904,94,84976,339904,0.006939683109521866,2.8883562208648073e-11,4.89173146434041e-11,4.89173146434041e-11,
four_rooms,31,four_rooms_31,0.05,gauss_seidel_vi,1,four_rooms_31|0.05|1,node003,904,79,71416,285664,0.3998639959609136,6.995293233558186e-12,7.961631354191923e-12,7.961631354191923e-12,
four_rooms,31,four_rooms_31,0.05,prioritized_sweeping,1,four_rooms_31|0.05|1,node003,904,250567,250567,7709200,15.10318992298562,8.130363049474454e-11,7.687006586820644e-10,6.680593855890038e-10,
four_rooms,31,four_rooms_31,0.05,sparse_vectorized_vi,2,four_rooms_31|0.05|2,node001,904,94,84976,339904,0.00704955798573792,2.8883562208648073e-11,4.89173146434041e-11,4.89173146434041e-11,
four_rooms,31,four_rooms_31,0.05,gauss_seidel_vi,2,four_rooms_31|0.05|2,node001,904,79,71416,285664,0.3932597331004217,6.995293233558186e-12,7.961631354191923e-12,7.961631354191923e-12,
four_rooms,31,four_rooms_31,0.05,prioritized_sweeping,2,four_rooms_31|0.05|2,node001,904,250567,250567,7709200,13.96865399600938,8.130363049474454e-11,7.687006586820644e-10,6.680593855890038e-10,
four_rooms,31,four_rooms_31,0.05,sparse_vectorized_vi,3,four_rooms_31|0.05|3,node005,904,94,84976,339904,0.006555426982231438,2.8883562208648073e-11,4.89173146434041e-11,4.89173146434041e-11,
four_rooms,31,four_rooms_31,0.05,gauss_seidel_vi,3,four_rooms_31|0.05|3,node005,904,79,71416,285664,0.3881691909627989,6.995293233558186e-12,7.961631354191923e-12,7.961631354191923e-12,
four_rooms,31,four_rooms_31,0.05,prioritized_sweeping,3,four_rooms_31|0.05|3,node005,904,250567,250567,7709200,14.125966852996498,8.130363049474454e-11,7.687006586820644e-10,6.680593855890038e-10,
four_rooms,31,four_rooms_31,0.05,sparse_vectorized_vi,4,four_rooms_31|0.05|4,node002,904,94,84976,339904,0.007172208046540618,2.8883562208648073e-11,4.89173146434041e-11,4.89173146434041e-11,
four_rooms,31,four_rooms_31,0.05,gauss_seidel_vi,4,four_rooms_31|0.05|4,node002,904,79,71416,285664,0.4024226770270616,6.995293233558186e-12,7.961631354191923e-12,7.961631354191923e-12,
four_rooms,31,four_rooms_31,0.05,prioritized_sweeping,4,four_rooms_31|0.05|4,node002,904,250567,250567,7709200,14.358900408027694,8.130363049474454e-11,7.687006586820644e-10,6.680593855890038e-10,
four_rooms,31,four_rooms_31,0.1,sparse_vectorized_vi,0,four_rooms_31|0.1|0,node005,904,111,100344,401376,0.007729655015282333,4.844835643780243e-11,1.0395595495538146e-10,1.0395595495538146e-10,
four_rooms,31,four_rooms_31,0.1,gauss_seidel_vi,0,four_rooms_31|0.1|0,node005,904,88,79552,318208,0.418502427986823,2.305711177541525e-11,3.235101075915736e-11,3.235101075915736e-11,
four_rooms,31,four_rooms_31,0.1,prioritized_sweeping,0,four_rooms_31|0.1|0,node005,904,387327,387327,11891948,22.151678288937546,9.846345960795588e-11,1.365442869882827e-09,1.2988863318241783e-09,
four_rooms,31,four_rooms_31,0.1,sparse_vectorized_vi,1,four_rooms_31|0.1|1,node002,904,111,100344,401376,0.00768882199190557,4.844835643780243e-11,1.0395595495538146e-10,1.0395595495538146e-10,
four_rooms,31,four_rooms_31,0.1,gauss_seidel_vi,1,four_rooms_31|0.1|1,node002,904,88,79552,318208,0.4104559150291607,2.305711177541525e-11,3.235101075915736e-11,3.235101075915736e-11,
four_rooms,31,four_rooms_31,0.1,prioritized_sweeping,1,four_rooms_31|0.1|1,node002,904,387327,387327,11891948,21.996879660058767,9.846345960795588e-11,1.365442869882827e-09,1.2988863318241783e-09,
four_rooms,31,four_rooms_31,0.1,sparse_vectorized_vi,2,four_rooms_31|0.1|2,node006,904,111,100344,401376,0.00845446006860584,4.844835643780243e-11,1.0395595495538146e-10,1.0395595495538146e-10,
four_rooms,31,four_rooms_31,0.1,gauss_seidel_vi,2,four_rooms_31|0.1|2,node006,904,88,79552,318208,0.445585199049674,2.305711177541525e-11,3.235101075915736e-11,3.235101075915736e-11,
four_rooms,31,four_rooms_31,0.1,prioritized_sweeping,2,four_rooms_31|0.1|2,node006,904,387327,387327,11891948,23.497080782079138,9.846345960795588e-11,1.365442869882827e-09,1.2988863318241783e-09,
four_rooms,31,four_rooms_31,0.1,sparse_vectorized_vi,3,four_rooms_31|0.1|3,node003,904,111,100344,401376,0.00941930792760104,4.844835643780243e-11,1.0395595495538146e-10,1.0395595495538146e-10,
four_rooms,31,four_rooms_31,0.1,gauss_seidel_vi,3,four_rooms_31|0.1|3,node003,904,88,79552,318208,0.44993728096596897,2.305711177541525e-11,3.235101075915736e-11,3.235101075915736e-11,
four_rooms,31,four_rooms_31,0.1,prioritized_sweeping,3,four_rooms_31|0.1|3,node003,904,387327,387327,11891948,22.515841981978156,9.846345960795588e-11,1.365442869882827e-09,1.2988863318241783e-09,
four_rooms,31,four_rooms_31,0.1,sparse_vectorized_vi,4,four_rooms_31|0.1|4,node001,904,111,100344,401376,0.008166893967427313,4.844835643780243e-11,1.0395595495538146e-10,1.0395595495538146e-10,
four_rooms,31,four_rooms_31,0.1,gauss_seidel_vi,4,four_rooms_31|0.1|4,node001,904,88,79552,318208,0.4391521959332749,2.305711177541525e-11,3.235101075915736e-11,3.235101075915736e-11,
four_rooms,31,four_rooms_31,0.1,prioritized_sweeping,4,four_rooms_31|0.1|4,node001,904,387327,387327,11891948,23.223393182037398,9.846345960795588e-11,1.365442869882827e-09,1.2988863318241783e-09,
maze,21,maze_21,0.0,sparse_vectorized_vi,0,maze_21|0.0|0,node005,199,77,15323,61292,0.004228302976116538,0.0,0.0,0.0,
maze,21,maze_21,0.0,gauss_seidel_vi,0,maze_21|0.0|0,node005,199,77,15323,61292,0.0760854099644348,0.0,0.0,0.0,
maze,21,maze_21,0.0,prioritized_sweeping,0,maze_21|0.0|0,node005,199,6453,6453,103244,0.13624486094340682,0.0,0.0,0.0,
maze,21,maze_21,0.0,sparse_vectorized_vi,1,maze_21|0.0|1,node003,199,77,15323,61292,0.004384647938422859,0.0,0.0,0.0,
maze,21,maze_21,0.0,gauss_seidel_vi,1,maze_21|0.0|1,node003,199,77,15323,61292,0.07681016298010945,0.0,0.0,0.0,
maze,21,maze_21,0.0,prioritized_sweeping,1,maze_21|0.0|1,node003,199,6453,6453,103244,0.1376034839777276,0.0,0.0,0.0,
maze,21,maze_21,0.0,sparse_vectorized_vi,2,maze_21|0.0|2,node001,199,77,15323,61292,0.0040418090065941215,0.0,0.0,0.0,
maze,21,maze_21,0.0,gauss_seidel_vi,2,maze_21|0.0|2,node001,199,77,15323,61292,0.07144304097164422,0.0,0.0,0.0,
maze,21,maze_21,0.0,prioritized_sweeping,2,maze_21|0.0|2,node001,199,6453,6453,103244,0.12805348599795252,0.0,0.0,0.0,
maze,21,maze_21,0.0,sparse_vectorized_vi,3,maze_21|0.0|3,node002,199,77,15323,61292,0.004299178021028638,0.0,0.0,0.0,
maze,21,maze_21,0.0,gauss_seidel_vi,3,maze_21|0.0|3,node002,199,77,15323,61292,0.07429629599209875,0.0,0.0,0.0,
maze,21,maze_21,0.0,prioritized_sweeping,3,maze_21|0.0|3,node002,199,6453,6453,103244,0.13538611901458353,0.0,0.0,0.0,
maze,21,maze_21,0.0,sparse_vectorized_vi,4,maze_21|0.0|4,node006,199,77,15323,61292,0.004287393065169454,0.0,0.0,0.0,
maze,21,maze_21,0.0,gauss_seidel_vi,4,maze_21|0.0|4,node006,199,77,15323,61292,0.07710453809704632,0.0,0.0,0.0,
maze,21,maze_21,0.0,prioritized_sweeping,4,maze_21|0.0|4,node006,199,6453,6453,103244,0.13652722293045372,0.0,0.0,0.0,
maze,21,maze_21,0.05,sparse_vectorized_vi,0,maze_21|0.05|0,node003,199,110,21890,87560,0.00599578395485878,3.016253913301625e-11,4.8753889814179274e-11,4.8753889814179274e-11,
maze,21,maze_21,0.05,gauss_seidel_vi,0,maze_21|0.05|0,node003,199,92,18308,73232,0.09212457109242678,6.942002528376179e-12,7.563727422166266e-12,7.563727422166266e-12,
maze,21,maze_21,0.05,prioritized_sweeping,0,maze_21|0.05|0,node003,199,54490,54490,1262680,1.934622293105349,9.922374033521919e-11,5.485567555751913e-10,2.7071678232459817e-10,
maze,21,maze_21,0.05,sparse_vectorized_vi,1,maze_21|0.05|1,node001,199,110,21890,87560,0.0058757850201800466,3.016253913301625e-11,4.8753889814179274e-11,4.8753889814179274e-11,
maze,21,maze_21,0.05,gauss_seidel_vi,1,maze_21|0.05|1,node001,199,92,18308,73232,0.09091912396252155,6.942002528376179e-12,7.563727422166266e-12,7.563727422166266e-12,
maze,21,maze_21,0.05,prioritized_sweeping,1,maze_21|0.05|1,node001,199,54490,54490,1262680,1.8568431519670412,9.922374033521919e-11,5.485567555751913e-10,2.7071678232459817e-10,
maze,21,maze_21,0.05,sparse_vectorized_vi,2,maze_21|0.05|2,node006,199,110,21890,87560,0.0057434000773355365,3.016253913301625e-11,4.8753889814179274e-11,4.8753889814179274e-11,
maze,21,maze_21,0.05,gauss_seidel_vi,2,maze_21|0.05|2,node006,199,92,18308,73232,0.08707555592991412,6.942002528376179e-12,7.563727422166266e-12,7.563727422166266e-12,
maze,21,maze_21,0.05,prioritized_sweeping,2,maze_21|0.05|2,node006,199,54490,54490,1262680,1.7980580589501187,9.922374033521919e-11,5.485567555751913e-10,2.7071678232459817e-10,
maze,21,maze_21,0.05,sparse_vectorized_vi,3,maze_21|0.05|3,node005,199,110,21890,87560,0.006308821029961109,3.016253913301625e-11,4.8753889814179274e-11,4.8753889814179274e-11,
maze,21,maze_21,0.05,gauss_seidel_vi,3,maze_21|0.05|3,node005,199,92,18308,73232,0.09140804293565452,6.942002528376179e-12,7.563727422166266e-12,7.563727422166266e-12,
maze,21,maze_21,0.05,prioritized_sweeping,3,maze_21|0.05|3,node005,199,54490,54490,1262680,1.8890406780410558,9.922374033521919e-11,5.485567555751913e-10,2.7071678232459817e-10,
maze,21,maze_21,0.05,sparse_vectorized_vi,4,maze_21|0.05|4,node005,199,110,21890,87560,0.007418813998810947,3.016253913301625e-11,4.8753889814179274e-11,4.8753889814179274e-11,
maze,21,maze_21,0.05,gauss_seidel_vi,4,maze_21|0.05|4,node005,199,92,18308,73232,0.09219184797257185,6.942002528376179e-12,7.563727422166266e-12,7.563727422166266e-12,
maze,21,maze_21,0.05,prioritized_sweeping,4,maze_21|0.05|4,node005,199,54490,54490,1262680,1.8040433379355818,9.922374033521919e-11,5.485567555751913e-10,2.7071678232459817e-10,
maze,21,maze_21,0.1,sparse_vectorized_vi,0,maze_21|0.1|0,node002,199,128,25472,101888,0.006576173007488251,3.6564529182214756e-11,7.363709642049798e-11,7.363709642049798e-11,
maze,21,maze_21,0.1,gauss_seidel_vi,0,maze_21|0.1|0,node002,199,101,20099,80396,0.09459021198563278,1.623945422579709e-11,2.0676793610618915e-11,2.0676793610618915e-11,
maze,21,maze_21,0.1,prioritized_sweeping,0,maze_21|0.1|0,node002,199,67084,67084,1565976,2.3001663869945332,9.177081317091051e-11,1.2495782186761062e-09,8.977174559277046e-10,
maze,21,maze_21,0.1,sparse_vectorized_vi,1,maze_21|0.1|1,node006,199,128,25472,101888,0.007051877910271287,3.6564529182214756e-11,7.363709642049798e-11,7.363709642049798e-11,
maze,21,maze_21,0.1,gauss_seidel_vi,1,maze_21|0.1|1,node006,199,101,20099,80396,0.09892823896370828,1.623945422579709e-11,2.0676793610618915e-11,2.0676793610618915e-11,
maze,21,maze_21,0.1,prioritized_sweeping,1,maze_21|0.1|1,node006,199,67084,67084,1565976,2.360281935078092,9.177081317091051e-11,1.2495782186761062e-09,8.977174559277046e-10,
maze,21,maze_21,0.1,sparse_vectorized_vi,2,maze_21|0.1|2,node003,199,128,25472,101888,0.007152648991905153,3.6564529182214756e-11,7.363709642049798e-11,7.363709642049798e-11,
maze,21,maze_21,0.1,gauss_seidel_vi,2,maze_21|0.1|2,node003,199,101,20099,80396,0.09946380706969649,1.623945422579709e-11,2.0676793610618915e-11,2.0676793610618915e-11,
maze,21,maze_21,0.1,prioritized_sweeping,2,maze_21|0.1|2,node003,199,67084,67084,1565976,2.383965899934992,9.177081317091051e-11,1.2495782186761062e-09,8.977174559277046e-10,
maze,21,maze_21,0.1,sparse_vectorized_vi,3,maze_21|0.1|3,node002,199,128,25472,101888,0.006657997029833496,3.6564529182214756e-11,7.363709642049798e-11,7.363709642049798e-11,
maze,21,maze_21,0.1,gauss_seidel_vi,3,maze_21|0.1|3,node002,199,101,20099,80396,0.09339825704228133,1.623945422579709e-11,2.0676793610618915e-11,2.0676793610618915e-11,
maze,21,maze_21,0.1,prioritized_sweeping,3,maze_21|0.1|3,node002,199,67084,67084,1565976,2.2079428560100496,9.177081317091051e-11,1.2495782186761062e-09,8.977174559277046e-10,
maze,21,maze_21,0.1,sparse_vectorized_vi,4,maze_21|0.1|4,node003,199,128,25472,101888,0.006770291016437113,3.6564529182214756e-11,7.363709642049798e-11,7.363709642049798e-11,
maze,21,maze_21,0.1,gauss_seidel_vi,4,maze_21|0.1|4,node003,199,101,20099,80396,0.09494658000767231,1.623945422579709e-11,2.0676793610618915e-11,2.0676793610618915e-11,
maze,21,maze_21,0.1,prioritized_sweeping,4,maze_21|0.1|4,node003,199,67084,67084,1565976,2.221779023995623,9.177081317091051e-11,1.2495782186761062e-09,8.977174559277046e-10,
maze,31,maze_31,0.0,sparse_vectorized_vi,0,maze_31|0.0|0,node001,449,153,68697,274788,0.009186677983962,0.0,0.0,0.0,
maze,31,maze_31,0.0,gauss_seidel_vi,0,maze_31|0.0|0,node001,449,153,68697,274788,0.34067414898891,0.0,0.0,0.0,
maze,31,maze_31,0.0,prioritized_sweeping,0,maze_31|0.0|0,node001,449,35000,35000,560000,0.7373270330717787,0.0,0.0,0.0,
maze,31,maze_31,0.0,sparse_vectorized_vi,1,maze_31|0.0|1,node005,449,153,68697,274788,0.009721923037432134,0.0,0.0,0.0,
maze,31,maze_31,0.0,gauss_seidel_vi,1,maze_31|0.0|1,node005,449,153,68697,274788,0.3317789160646498,0.0,0.0,0.0,
maze,31,maze_31,0.0,prioritized_sweeping,1,maze_31|0.0|1,node005,449,35000,35000,560000,0.704357975977473,0.0,0.0,0.0,
maze,31,maze_31,0.0,sparse_vectorized_vi,2,maze_31|0.0|2,node002,449,153,68697,274788,0.00903156097047031,0.0,0.0,0.0,
maze,31,maze_31,0.0,gauss_seidel_vi,2,maze_31|0.0|2,node002,449,153,68697,274788,0.3290949879446998,0.0,0.0,0.0,
maze,31,maze_31,0.0,prioritized_sweeping,2,maze_31|0.0|2,node002,449,35000,35000,560000,0.7076639829901978,0.0,0.0,0.0,
maze,31,maze_31,0.0,sparse_vectorized_vi,3,maze_31|0.0|3,node006,449,153,68697,274788,0.008916265098378062,0.0,0.0,0.0,
maze,31,maze_31,0.0,gauss_seidel_vi,3,maze_31|0.0|3,node006,449,153,68697,274788,0.3425286879064515,0.0,0.0,0.0,
maze,31,maze_31,0.0,prioritized_sweeping,3,maze_31|0.0|3,node006,449,35000,35000,560000,0.7247302230680361,0.0,0.0,0.0,
maze,31,maze_31,0.0,sparse_vectorized_vi,4,maze_31|0.0|4,node001,449,153,68697,274788,0.008753789938054979,0.0,0.0,0.0,
maze,31,maze_31,0.0,gauss_seidel_vi,4,maze_31|0.0|4,node001,449,153,68697,274788,0.32046998501755297,0.0,0.0,0.0,
maze,31,maze_31,0.0,prioritized_sweeping,4,maze_31|0.0|4,node001,449,35000,35000,560000,0.702578678028658,0.0,0.0,0.0,
maze,31,maze_31,0.05,sparse_vectorized_vi,0,maze_31|0.05|0,node006,449,196,88004,352016,0.011058734962716699,2.4428459255432244e-11,4.462208380573429e-11,4.462208380573429e-11,
maze,31,maze_31,0.05,gauss_seidel_vi,0,maze_31|0.05|0,node006,449,171,76779,307116,0.3612826010212302,8.448353128187591e-12,9.677592061052565e-12,9.677592061052565e-12,
maze,31,maze_31,0.05,prioritized_sweeping,0,maze_31|0.05|0,node006,449,262320,262320,6073944,9.059176889946684,6.252065531953122e-11,9.767511244263005e-10,4.913189854960365e-10,
maze,31,maze_31,0.05,sparse_vectorized_vi,1,maze_31|0.05|1,node003,449,196,88004,352016,0.012118864920921624,2.4428459255432244e-11,4.462208380573429e-11,4.462208380573429e-11,
maze,31,maze_31,0.05,gauss_seidel_vi,1,maze_31|0.05|1,node003,449,171,76779,307116,0.38103482604492456,8.448353128187591e-12,9.677592061052565e-12,9.677592061052565e-12,
maze,31,maze_31,0.05,prioritized_sweeping,1,maze_31|0.05|1,node003,449,262320,262320,6073944,10.116667650989257,6.252065531953122e-11,9.767511244263005e-10,4.913189854960365e-10,
maze,31,maze_31,0.05,sparse_vectorized_vi,2,maze_31|0.05|2,node001,449,196,88004,352016,0.011745924013666809,2.4428459255432244e-11,4.462208380573429e-11,4.462208380573429e-11,
maze,31,maze_31,0.05,gauss_seidel_vi,2,maze_31|0.05|2,node001,449,171,76779,307116,0.3820669000269845,8.448353128187591e-12,9.677592061052565e-12,9.677592061052565e-12,
maze,31,maze_31,0.05,prioritized_sweeping,2,maze_31|0.05|2,node001,449,262320,262320,6073944,10.188135912991129,6.252065531953122e-11,9.767511244263005e-10,4.913189854960365e-10,
maze,31,maze_31,0.05,sparse_vectorized_vi,3,maze_31|0.05|3,node005,449,196,88004,352016,0.011226595030166209,2.4428459255432244e-11,4.462208380573429e-11,4.462208380573429e-11,
maze,31,maze_31,0.05,gauss_seidel_vi,3,maze_31|0.05|3,node005,449,171,76779,307116,0.3654843589756638,8.448353128187591e-12,9.677592061052565e-12,9.677592061052565e-12,
maze,31,maze_31,0.05,prioritized_sweeping,3,maze_31|0.05|3,node005,449,262320,262320,6073944,9.623157167923637,6.252065531953122e-11,9.767511244263005e-10,4.913189854960365e-10,
maze,31,maze_31,0.05,sparse_vectorized_vi,4,maze_31|0.05|4,node002,449,196,88004,352016,0.01176072598900646,2.4428459255432244e-11,4.462208380573429e-11,4.462208380573429e-11,
maze,31,maze_31,0.05,gauss_seidel_vi,4,maze_31|0.05|4,node002,449,171,76779,307116,0.3780124499462545,8.448353128187591e-12,9.677592061052565e-12,9.677592061052565e-12,
maze,31,maze_31,0.05,prioritized_sweeping,4,maze_31|0.05|4,node002,449,262320,262320,6073944,9.63958110800013,6.252065531953122e-11,9.767511244263005e-10,4.913189854960365e-10,
maze,31,maze_31,0.1,sparse_vectorized_vi,0,maze_31|0.1|0,node005,449,221,99229,396916,0.012469556997530162,5.702105454474804e-11,1.34683375563327e-10,1.34683375563327e-10,
maze,31,maze_31,0.1,gauss_seidel_vi,0,maze_31|0.1|0,node005,449,185,83065,332260,0.3880077739013359,2.4307666990353027e-11,3.317524033263908e-11,3.317524033263908e-11,
maze,31,maze_31,0.1,prioritized_sweeping,0,maze_31|0.1|0,node005,449,319872,319872,7516292,12.25034951698035,4.5066173015584354e-11,1.0342233736082562e-09,7.009717251094116e-10,
maze,31,maze_31,0.1,sparse_vectorized_vi,1,maze_31|0.1|1,node002,449,221,99229,396916,0.013232946977950633,5.702105454474804e-11,1.34683375563327e-10,1.34683375563327e-10,
maze,31,maze_31,0.1,gauss_seidel_vi,1,maze_31|0.1|1,node002,449,185,83065,332260,0.3985638100421056,2.4307666990353027e-11,3.317524033263908e-11,3.317524033263908e-11,
maze,31,maze_31,0.1,prioritized_sweeping,1,maze_31|0.1|1,node002,449,319872,319872,7516292,12.129851022968069,4.5066173015584354e-11,1.0342233736082562e-09,7.009717251094116e-10,
maze,31,maze_31,0.1,sparse_vectorized_vi,2,maze_31|0.1|2,node006,449,221,99229,396916,0.012716626049950719,5.702105454474804e-11,1.34683375563327e-10,1.34683375563327e-10,
maze,31,maze_31,0.1,gauss_seidel_vi,2,maze_31|0.1|2,node006,449,185,83065,332260,0.39286704699043185,2.4307666990353027e-11,3.317524033263908e-11,3.317524033263908e-11,
maze,31,maze_31,0.1,prioritized_sweeping,2,maze_31|0.1|2,node006,449,319872,319872,7516292,11.805793824023567,4.5066173015584354e-11,1.0342233736082562e-09,7.009717251094116e-10,
maze,31,maze_31,0.1,sparse_vectorized_vi,3,maze_31|0.1|3,node003,449,221,99229,396916,0.013302403036504984,5.702105454474804e-11,1.34683375563327e-10,1.34683375563327e-10,
maze,31,maze_31,0.1,gauss_seidel_vi,3,maze_31|0.1|3,node003,449,185,83065,332260,0.4146382510662079,2.4307666990353027e-11,3.317524033263908e-11,3.317524033263908e-11,
maze,31,maze_31,0.1,prioritized_sweeping,3,maze_31|0.1|3,node003,449,319872,319872,7516292,12.599312586011365,4.5066173015584354e-11,1.0342233736082562e-09,7.009717251094116e-10,
maze,31,maze_31,0.1,sparse_vectorized_vi,4,maze_31|0.1|4,node001,449,221,99229,396916,0.013264960958622396,5.702105454474804e-11,1.34683375563327e-10,1.34683375563327e-10,
maze,31,maze_31,0.1,gauss_seidel_vi,4,maze_31|0.1|4,node001,449,185,83065,332260,0.41057374596130103,2.4307666990353027e-11,3.317524033263908e-11,3.317524033263908e-11,
maze,31,maze_31,0.1,prioritized_sweeping,4,maze_31|0.1|4,node001,449,319872,319872,7516292,12.46481934003532,4.5066173015584354e-11,1.0342233736082562e-09,7.009717251094116e-10,
