map,step,candidate_state,candidate_coord,n_boundary,n_candidates_considered,n_active_edges,contributing_edges,lambda_struct,edge_weight,linear_delta,raw_hidden_score,random_score,spectral_score,betweenness_score,value_gradient_score,degree_score,bits_fd_delta,bits_grad_delta,grad_minus_fd,grad_abs_error,grad_abs_error_bound,rate_delta,linear_operator_score,bits_fd_operator_score,bits_grad_operator_score,frozen_recompute_score,fd_minus_frozen,frozen_objective_before,frozen_objective_after,frozen_linear_before,frozen_linear_after,frozen_bits_before,frozen_bits_after,rate_only_score,rate_only_drift,occupancy_only_score,occupancy_drift,edge_only_score,edge_drift,edge_option_uniform_score,edge_option_uniform_drift,actual_recompute_score,actual_rate_delta,adaptive_drift,adaptive_drift_rate,adaptive_drift_bits,adaptive_drift_linear,actual_objective_before,actual_objective_after,actual_linear_before,actual_linear_after,actual_bits_before,actual_bits_after,time_base_eval_sec,time_operator_score_sec,time_recompute_total_sec,recompute_speedup_proxy,linear_rank,bits_fd_rank,bits_grad_rank,raw_hidden_rank,random_rank,spectral_rank,betweenness_rank,value_gradient_rank,degree_rank,frozen_rank,rate_only_rank,occupancy_only_rank,edge_only_rank,edge_option_uniform_rank,actual_rank
maze_9,0,2,"(1, 3)",2,6,2,1,8.0,occupancy_or_uniform,0.9999999999999997,0.9999999999999997,0.9899250392113765,0.48075425179822046,0.1891891891891892,0.745231485555704,0.6666666666666666,38.863153096186004,721355499256.7129,721355499217.8497,721355499217.8497,1.803408695392994e+23,5.857980995127573,2.1420190048724246,305.0472437743605,5770843994047.845,305.0472437743604,5.684341886080802e-14,639.2171162056196,334.1698724312592,1.9999999999999996,0.9999999999999998,77.72630619236912,38.86315309618312,297.5205771076938,-7.526666666666642,615.9524685438254,310.90522476946495,305.0472437743604,0.0,615.9524674508316,310.90522367647117,596.8844848197975,13.38464766179424,291.8372410454371,-7.526666666666667,299.36390771210387,6.385641460049385e-09,639.2171162056196,42.33263138582204,1.9999999999999996,0.9999999936143584,77.72630619236912,1.4426646321701417,0.019406544044613838,0.017832209879998118,0.15461464010877535,8.670526039635849,1,1,1,1,3,3,5,6,2,1,1,1,1,2,3
maze_9,0,21,"(5, 7)",2,6,2,1,8.0,occupancy_or_uniform,0.9999999999708512,0.9999999999708512,0.1386613187858094,1.0,1.0,0.9835707769680974,1.0,38.863153096143954,721355499235.6865,721355499196.8234,721355499196.8234,1.8034086952878612e+23,5.857980995127573,2.142019004639237,305.0472437740241,5770843993879.634,305.047243774024,5.684341886080802e-14,639.2171162056196,334.1698724315956,1.9999999999999996,1.0000000000291482,77.72630619236912,38.86315309622517,297.5005771073574,-7.546666666666624,615.9524685435005,310.90522476947643,305.047243774024,0.0,615.9524663571306,310.90522258310654,608.4057996904638,13.40464766179424,303.3585559164398,-7.546666666666667,310.90522258310654,0.9999998105634954,639.2171162056196,30.811316515155752,1.9999999999999996,1.8946565287778487e-07,77.72630619236912,2.7333685581050604e-07,0.019406544044613838,0.017832209879998118,0.15461464010877535,8.670526039635849,2,2,2,2,4,1,1,1,1,2,2,3,2,3,2
maze_9,0,24,"(7, 1)",2,6,2,1,8.0,occupancy_or_uniform,2.9148564739975196e-11,2.9148564739975196e-11,0.1386610207625854,0.4212543511446474,0.35135135135135137,0.8494407361500572,0.6666666666666666,3.9140443690040385,21.026477470621433,17.112433101617395,17.112433101617395,153.2246047474207,5.857980995127573,-5.857980994894384,25.454373956904735,162.3538387698439,25.45437395690476,-2.4868995751603507e-14,639.2171162056196,613.7627422487149,1.9999999999999996,1.9999999999708509,77.72630619236912,73.81226182336508,17.927707290238068,-7.526666666666692,615.9524685438254,590.4980945869206,25.45437395690476,0.0,615.9524685438485,590.4980945869437,608.4258018771818,13.38464766179424,582.971427920277,-7.526666666666667,590.4980945869438,1.999999999970851,639.2171162056196,30.79131432843782,1.9999999999999996,0.0,77.72630619236912,-2.885646594635035e-12,0.019406544044613838,0.017832209879998118,0.15461464010877535,8.670526039635849,3,3,3,3,5,5,4,2,6,3,3,2,3,1,1
maze_9,0,3,"(1, 5)",2,6,2,0,8.0,occupancy_or_uniform,0.0,0.0,0.9899250988160213,0.9930264028847086,0.1891891891891892,0.7954100222129866,0.6666666666666666,0.0,0.0,0.0,0.0,0.0,5.857980995127573,-5.857980995127573,-5.857980995127573,-5.857980995127573,-5.857980995127605,3.197442310920451e-14,639.2171162056196,645.0750972007472,1.9999999999999996,1.9999999999999996,77.72630619236912,77.72630619236912,-12.511314328460905,-6.6533333333333005,-5.857980995127605,0.0,-5.857980995127605,0.0,-1249.4788800730335,-1243.620899077906,-1256.132213406367,12.511314328460905,-1250.2742324112396,-6.653333333333332,-1243.620899077906,-3.9999999999999996,639.2171162056196,1895.3493296119866,1.9999999999999996,5.999999999999999,77.72630619236912,233.17891857710737,0.019406544044613838,0.017832209879998118,0.15461464010877535,8.670526039635849,4,4,4,4,2,2,6,5,3,4,4,4,4,4,4
maze_9,0,5,"(1, 7)",2,6,2,0,8.0,occupancy_or_uniform,0.0,0.0,0.989925218025311,0.4688896344095924,0.35135135135135137,0.8489709904096633,0.6666666666666666,0.0,0.0,0.0,0.0,0.0,5.857980995127573,-5.857980995127573,-5.857980995127573,-5.857980995127573,-5.857980995127605,3.197442310920451e-14,639.2171162056196,645.0750972007472,1.9999999999999996,1.9999999999999996,77.72630619236912,77.72630619236912,-12.511314328460905,-6.6533333333333005,-5.857980995127605,0.0,-5.857980995127605,0.0,-1249.4788800730335,-1243.620899077906,-1256.132213406367,12.511314328460905,-1250.2742324112396,-6.653333333333332,-1243.620899077906,-3.999999999999998,639.2171162056196,1895.3493296119866,1.9999999999999996,5.999999999999997,77.72630619236912,233.17891857710737,0.019406544044613838,0.017832209879998118,0.15461464010877535,8.670526039635849,5,5,5,5,1,4,3,4,4,5,5,5,5,5,5
maze_9,0,17,"(5, 3)",2,6,2,0,8.0,occupancy_or_uniform,0.0,0.0,0.13860755539621097,0.12908665731563762,0.4864864864864865,0.8489709914280253,0.6666666666666666,0.0,0.0,0.0,0.0,0.0,5.857980995127573,-5.857980995127573,-5.857980995127573,-5.857980995127573,-5.857980995127605,3.197442310920451e-14,639.2171162056196,645.0750972007472,1.9999999999999996,1.9999999999999996,77.72630619236912,77.72630619236912,-14.257980995127575,-8.39999999999997,-5.857980995127605,0.0,-5.857980995127605,0.0,-1249.4788800730335,-1243.620899077906,-1257.8788800730335,14.257980995127575,-1252.020899077906,-8.400000000000002,-1243.620899077906,-3.9999999999999987,639.2171162056196,1897.0959962786533,1.9999999999999996,5.999999999999998,77.72630619236912,233.17891857710737,0.019406544044613838,0.017832209879998118,0.15461464010877535,8.670526039635849,6,6,6,6,6,6,2,3,5,6,6,6,6,6,6
maze_9,1,17,"(5, 3)",3,5,2,1,8.0,occupancy_or_uniform,0.9999999936143584,0.9999999936143584,0.979865248880917,0.12908665731563762,0.4864864864864865,0.8489709914280253,0.6666666666666666,1.4426951024366372,1.4426951683035392,6.58669019326652e-08,6.58669019326652e-08,6.831428218396647e-08,5.892317422778735,2.1076825261361325,5.649243396714363,5.649243923649578,5.649243396714361,1.7763568394002505e-15,42.33263138582204,36.68338798910768,0.9999999936143584,0.0,1.4426646321701417,-3.04702664954744e-05,-2.750756603285632,-8.399999999999993,5.648999672107344,-0.0002437246070172705,5.649243396714361,0.0,-5.892318516422229,-11.54156191313659,-14.292317409402827,14.29231742277873,-19.941560806117188,-8.399999999999995,-11.541560806117191,-0.999999993505853,42.33263138582204,56.62494879522487,0.9999999936143584,0.999999993505853,1.4426646321701417,1.4426646304981534,0.0351732230046764,0.01710896799340844,0.2001544070080854,11.698800715811657,1,1,1,1,3,5,2,3,4,1,1,1,1,4,5
maze_9,1,3,"(1, 5)",3,5,2,0,8.0,occupancy_or_uniform,0.0,0.0,0.025625956460164776,0.9930264028847086,0.1891891891891892,0.7954100222129866,0.6666666666666666,0.0,0.0,0.0,0.0,0.0,5.892317422778735,-5.892317422778735,-5.892317422778735,-5.892317422778735,-5.8923174227787385,3.552713678800501e-15,42.33263138582204,48.22494880860078,0.9999999936143584,0.9999999936143584,1.4426646321701417,1.4426646321701417,-12.545650756112067,-6.653333333333329,5.6489985415771145,11.541315964355853,-5.8923174227787385,0.0,-5.892317422767192,1.1546319456101628e-11,-1.004334791733129,12.545650756112067,4.88798263104561,-6.653333333333332,11.541315964378935,0.9999998989106715,42.33263138582204,43.33696617755517,0.9999999936143584,9.470368684293987e-08,1.4426646321701417,1.3662277477027397e-07,0.0351732230046764,0.01710896799340844,0.2001544070080854,11.698800715811657,2,2,2,2,4,2,5,5,2,2,2,2,2,2,1
maze_9,1,5,"(1, 7)",3,5,2,0,8.0,occupancy_or_uniform,0.0,0.0,0.02562559883229598,0.4688896344095924,0.35135135135135137,0.8489709904096633,0.6666666666666666,0.0,0.0,0.0,0.0,0.0,5.892317422778735,-5.892317422778735,-5.892317422778735,-5.892317422778735,-5.8923174227787385,3.552713678800501e-15,42.33263138582204,48.22494880860078,0.9999999936143584,0.9999999936143584,1.4426646321701417,1.4426646321701417,-12.545650756112067,-6.653333333333329,5.6489985415771145,11.541315964355853,-5.8923174227787385,0.0,-5.892317422767192,1.1546319456101628e-11,-1.004334791733129,12.545650756112067,4.88798263104561,-6.653333333333332,11.541315964378935,0.9999998989106715,42.33263138582204,43.33696617755517,0.9999999936143584,9.470368684293987e-08,1.4426646321701417,1.3662277477027397e-07,0.0351732230046764,0.01710896799340844,0.2001544070080854,11.698800715811657,3,3,3,3,5,3,3,4,3,3,3,3,3,3,2
maze_9,1,21,"(5, 7)",3,5,2,0,8.0,occupancy_or_uniform,0.0,0.0,0.9800170023065443,1.0,1.0,0.9835707769680974,1.0,0.0,0.0,0.0,0.0,0.0,5.892317422778735,-5.892317422778735,-5.892317422778735,-5.892317422778735,-5.8923174227787385,3.552713678800501e-15,42.33263138582204,48.22494880860078,0.9999999936143584,0.9999999936143584,1.4426646321701417,1.4426646321701417,-13.438984089445405,-7.546666666666667,-5.8923174227787385,0.0,-5.8923174227787385,0.0,-5.892319609786917,-2.1870081781116824e-06,-13.438984089445405,13.438984089445405,-7.546666666666667,-7.54666666666667,0.0,0.0,42.33263138582204,55.771615475267446,0.9999999936143584,0.9999999936143584,1.4426646321701417,1.4426646321701417,0.0351732230046764,0.01710896799340844,0.2001544070080854,11.698800715811657,4,4,4,4,1,1,1,1,1,4,5,4,4,5,4
maze_9,1,24,"(7, 1)",3,5,2,0,8.0,occupancy_or_uniform,0.0,0.0,0.98001682349261,0.4212543511446474,0.35135135135135137,0.8494407361500572,0.6666666666666666,0.0,0.0,0.0,0.0,0.0,5.892317422778735,-5.892317422778735,-5.892317422778735,-5.892317422778735,-5.8923174227787385,3.552713678800501e-15,42.33263138582204,48.22494880860078,0.9999999936143584,0.9999999936143584,1.4426646321701417,1.4426646321701417,-13.418984089445402,-7.526666666666664,-5.8923174227787385,0.0,-5.8923174227787385,0.0,-5.892317422732567,4.617106696969131e-11,-13.418984089445402,13.418984089445402,-7.526666666666664,-7.526666666666667,0.0,0.0,42.33263138582204,55.75161547526744,0.9999999936143584,0.9999999936143584,1.4426646321701417,1.4426646321701417,0.0351732230046764,0.01710896799340844,0.2001544070080854,11.698800715811657,5,5,5,5,2,4,4,2,5,5,4,5,5,1,3
maze_9,2,21,"(5, 7)",4,4,3,1,8.0,occupancy_or_uniform,0.999999993505853,0.999999993505853,0.40314643548129797,1.0,1.0,0.9835707769680974,1.0,1.4426951007689752,1.4426951681890512,6.742007596649557e-08,6.742007596649557e-08,6.833530842729214e-08,5.58496250072116,2.4150374473256644,5.956598305430642,5.95659884479125,5.956598305430639,3.552713678800501e-15,56.62494879522487,50.66835048979423,0.999999993505853,0.0,1.4426646304981534,-3.047027082152652e-05,-1.5900683612360336,-7.546666666666672,5.956354543287162,-0.00024376214347654468,5.956598305430639,0.0,-5.584964687311825,-11.541562992742463,-1.5903132163847928,13.131629167387835,-7.5469115218154315,-7.546666666666676,-0.0002448551487646,-9.470368689257214e-08,56.62494879522487,58.21526201160966,0.999999993505853,9.470368684293976e-08,1.4426646304981534,1.3662277384663637e-07,0.04430808697361499,0.018070947960950434,0.17461468803230673,9.662729836289282,1,1,1,1,4,1,1,1,1,1,1,1,1,4,3
maze_9,2,3,"(1, 5)",4,4,3,0,8.0,occupancy_or_uniform,0.0,0.0,0.9199748758375919,0.9930264028847086,0.1891891891891892,0.7954100222129866,0.6666666666666666,0.0,0.0,0.0,0.0,0.0,5.58496250072116,-5.58496250072116,-5.58496250072116,-5.58496250072116,-5.584962500721161,1.7763568394002505e-15,56.62494879522487,62.20991129594603,0.999999993505853,0.999999993505853,1.4426646304981534,1.4426646304981534,-12.238295834054497,-6.653333333333336,5.956353449933907,11.541315950655068,-5.584962500721161,0.0,-5.584962500698076,2.3085533484845655e-11,-0.6969809766834132,12.238295834054497,4.887981524037748,-6.653333333333338,11.541314857371079,0.9999998040401822,56.62494879522487,57.32192977190828,0.999999993505853,1.8946567080983878e-07,1.4426646304981534,2.733267685834065e-07,0.04430808697361499,0.018070947960950434,0.17461468803230673,9.662729836289282,2,2,2,2,2,2,4,4,2,2,2,2,2,2,1
maze_9,2,5,"(1, 7)",4,4,3,0,8.0,occupancy_or_uniform,0.0,0.0,0.9199752334654606,0.4688896344095924,0.35135135135135137,0.8489709904096633,0.6666666666666666,0.0,0.0,0.0,0.0,0.0,5.58496250072116,-5.58496250072116,-5.58496250072116,-5.58496250072116,-5.584962500721161,1.7763568394002505e-15,56.62494879522487,62.20991129594603,0.999999993505853,0.999999993505853,1.4426646304981534,1.4426646304981534,-12.238295834054497,-6.653333333333336,5.956353449933907,11.541315950655068,-5.584962500721161,0.0,-5.584962500698076,2.3085533484845655e-11,-0.6969809766834132,12.238295834054497,4.887981524037748,-6.653333333333338,11.541314857371079,0.9999998040401822,56.62494879522487,57.32192977190828,0.999999993505853,1.8946567080983878e-07,1.4426646304981534,2.733267685834065e-07,0.04430808697361499,0.018070947960950434,0.17461468803230673,9.662729836289282,3,3,3,3,1,3,2,3,3,3,3,3,3,3,2
maze_9,2,24,"(7, 1)",4,4,3,0,8.0,occupancy_or_uniform,0.0,0.0,0.40314661429523235,0.4212543511446474,0.35135135135135137,0.8494407361500572,0.6666666666666666,0.0,0.0,0.0,0.0,0.0,5.58496250072116,-5.58496250072116,-5.58496250072116,-5.58496250072116,-5.584962500721161,1.7763568394002505e-15,56.62494879522487,62.20991129594603,0.999999993505853,0.999999993505853,1.4426646304981534,1.4426646304981534,-13.111629167387832,-7.526666666666671,-5.584962500721161,0.0,-5.584962500721161,0.0,-5.584962500651905,6.925660045453697e-11,-13.111629167387832,13.111629167387832,-7.526666666666671,-7.526666666666673,0.0,0.0,56.62494879522487,69.7365779626127,0.999999993505853,0.999999993505853,1.4426646304981534,1.4426646304981534,0.04430808697361499,0.018070947960950434,0.17461468803230673,9.662729836289282,4,4,4,4,3,4,3,2,4,4,4,4,4,1,4
four_rooms_9,0,25,"(4, 1)",2,12,1,1,8.0,occupancy_or_uniform,0.9511432073833992,0.9511432073833992,0.9965641667611871,0.2524279251210572,0.032162115063573575,0.663135655120363,0.5,9.308912826935485,913.5898204047596,904.2809075778241,904.2809075778241,289266.38558101177,7.044394119358445,0.5647515397087481,67.42690849612544,7301.674169118719,67.42690849612544,0.0,106.89788196946688,39.47097347334144,0.998498002542382,0.047354795158982776,9.378901912850026,0.06998908591454044,49.31357516279209,-18.113333333333344,67.42690556924684,-2.92687859371199e-06,67.42690849612544,0.0,-20.470742966320245,-87.89765146244568,11.09602644066402,25.157727452691784,-56.330882055461416,-18.113333333333337,-38.21754872212807,-0.9218861250300685,106.89788196946688,95.80185552880286,0.998498002542382,0.9692409201890513,9.378901912850026,4.84718267618055,0.05175930302357301,0.05099502799566835,0.7551065389998257,14.807454151490345,1,1,1,1,4,8,5,12,3,1,1,1,1,1,2
four_rooms_9,0,64,"(9, 6)",2,12,1,1,8.0,occupancy_or_uniform,0.04395606287622714,0.04395606287622714,0.9963581135041581,0.2524279251210587,0.032162115063573554,0.9200374106924439,0.5,4.919581849707947,42.22057338691096,37.30099153720301,37.30099153720301,617.794047458963,7.044394119358445,-6.6927456163486285,32.31226067830513,330.7201929759292,32.31226067830514,-7.105427357601002e-15,106.89788196946688,74.58562129116174,0.998498002542382,0.9545419396661549,9.378901912850026,4.459320063142079,17.065594011638456,-15.24666666666668,32.31226067830514,0.0,32.31226067830514,0.0,-50.84548949413818,-83.15775017244331,17.065530719863403,22.291060786025117,-15.246729958441733,-15.246666666666671,-6.329177504937888e-05,-5.483799570354941e-06,106.89788196946688,89.83235124960348,0.998498002542382,0.9545474234657252,9.378901912850026,4.45932797461396,0.05175930302357301,0.05099502799566835,0.7551065389998257,14.807454151490345,2,2,2,2,9,6,9,2,12,2,2,2,2,3,1
four_rooms_9,0,38,"(6, 4)",2,12,1,1,8.0,occupancy_or_uniform,0.0016529562246186177,0.0016529562246186177,0.9966171552904032,0.34431734375612716,0.21629114121895637,0.78215684475626,0.5,1.0707364538536623,1.5876935972035302,0.5169571433498679,0.5169571433498679,0.8736326413958667,7.044394119358445,-7.031170469561497,1.5214975114708533,5.657154658269796,1.521497511470855,-1.7763568394002505e-15,106.89788196946688,105.37638445799602,0.998498002542382,0.9968450463177634,9.378901912850026,8.308165458996363,-14.098502488529146,-15.620000000000001,1.5214975114706561,-1.9895196601282805e-13,1.521497511470855,0.0,-73.88948785808572,-75.41098536955657,-15.439702380248804,22.664394119358445,-16.96119989171966,-15.62,-1.3411998917196684,-0.03279670178845676,106.89788196946688,122.33758434971568,0.998498002542382,1.0296417481062201,9.378901912850026,8.475815445461322,0.05175930302357301,0.05099502799566835,0.7551065389998257,14.807454151490345,3,3,3,3,2,3,3,5,7,3,3,3,3,5,3
four_rooms_9,0,28,"(4, 4)",2,12,1,1,8.0,occupancy_or_uniform,0.0008570267605286983,0.0008570267605286983,0.9965633919008048,0.34431734375612555,0.2162911412189564,0.6632909039648043,0.5,0.6513078584073195,0.8231893138231458,0.17188145541582622,0.17188145541582622,0.23485235173993227,7.044394119358445,-7.037537905274216,-1.8339312520998892,-0.4588796087732794,-1.8339312520998874,-1.7763568394002505e-15,106.89788196946688,108.73181322156677,0.998498002542382,0.9976409757818533,9.378901912850026,8.727594054442706,-18.327264585433223,-16.493333333333336,-1.833931271237887,-1.9137999629492697e-08,-1.8339312520998874,0.0,-149.58109944682008,-147.7471681947202,-19.16055127100725,23.53772745269178,-17.326620018907363,-16.493333333333332,-0.8332866855740235,-0.017257372737566355,106.89788196946688,126.05843324047413,0.998498002542382,1.0148983485194196,9.378901912850026,8.83175489013946,0.05175930302357301,0.05099502799566835,0.7551065389998257,14.807454151490345,4,4,4,4,6,4,1,10,4,4,5,4,4,10,5
four_rooms_9,0,39,"(6, 6)",2,12,1,1,8.0,occupancy_or_uniform,0.0007975299136584631,0.0007975299136584631,0.9966170956857583,0.34431734375612844,0.21629114121895635,0.8082925996641884,0.5,0.6144549990358126,0.7660415434086773,0.15158654437286467,0.15158654437286467,0.2033761916400435,7.044394119358445,-7.038013880049178,-2.128754127071945,-0.9160617720890274,-2.128754127071943,-1.7763568394002505e-15,106.89788196946688,109.02663609653882,0.998498002542382,0.9977004726287235,9.378901912850026,8.764446913814213,-17.748754127071944,-15.620000000000001,-2.128754127071943,0.0,-2.128754127071943,0.0,-149.58109944682042,-147.45234531974847,-18.349875422942205,22.664394119358445,-16.22112129587026,-15.62,-0.6011212958702714,-0.01640911836895211,106.89788196946688,125.24775739240908,0.998498002542382,1.0141095909976756,9.378901912850026,8.839587075797997,0.05175930302357301,0.05099502799566835,0.7551065389998257,14.807454151490345,5,5,5,5,3,1,4,3,8,5,4,5,5,11,4
four_rooms_9,0,29,"(4, 6)",2,12,1,1,8.0,occupancy_or_uniform,5.587320135913489e-05,5.587320135913489e-05,0.9965634515054496,0.34431734375612716,0.21629114121895637,0.7821568447562608,0.5,0.05269308883056212,0.05366719501215452,0.0009741061815924032,0.0009741061815924032,0.000998190102150041,7.044394119358445,-7.043947133747572,-6.6228494087139484,-6.615056559261209,-6.622849408713947,-1.7763568394002505e-15,106.89788196946688,113.52073137818083,0.998498002542382,0.9984421293410228,9.378901912850026,9.326208824019464,-23.116182742047283,-16.493333333333336,-6.622849408714046,-9.947598300641403e-14,-6.622849408713947,0.0,-73.8894878580872,-67.26663844937325,-23.129499422853826,23.53772745269178,-16.50665001413988,-16.493333333333332,-0.013316680806539694,-0.001115510681644393,106.89788196946688,130.0273813923207,0.998498002542382,0.9995576400226672,9.378901912850026,9.327873409120281,0.05175930302357301,0.05099502799566835,0.7551065389998257,14.807454151490345,6,6,6,6,5,2,2,4,5,6,10,6,6,6,10
four_rooms_9,0,35,"(6, 1)",2,12,1,1,8.0,occupancy_or_uniform,1.5019806656372906e-05,1.5019806656372906e-05,0.9966173341043375,0.2524279251210551,0.03216211506357355,0.6875124051172786,0.5,0.014355133274584375,0.014426789109348827,7.165583476445234e-05,7.165583476445234e-05,7.21331390580571e-05,7.044394119358445,-7.044273960905194,-6.92955305316177,-6.928979806483655,-6.929553053161769,-1.7763568394002505e-15,106.89788196946688,113.82743502262865,0.998498002542382,0.9984829827357256,9.378901912850026,9.364546779575441,-23.29621971982844,-16.36666666666667,-6.929553053161769,0.0,-6.929553053161769,0.0,-130.4590855609482,-123.52953250778644,-23.30847628789448,23.411060786025114,-16.37892323473271,-16.366666666666667,-0.012256568066035811,-0.0002983013833501453,106.89788196946688,130.20635825736136,0.998498002542382,0.9987812841190757,9.378901912850026,9.366078850583696,0.05175930302357301,0.05099502799566835,0.7551065389998257,14.807454151490345,7,7,7,7,1,9,10,8,6,7,11,7,7,9,11
four_rooms_9,0,63,"(9, 4)",2,12,1,1,8.0,occupancy_or_uniform,1.449108915581446e-05,1.449108915581446e-05,0.9963582923180925,0.252427925121055,0.03216211506357356,0.7564607526767435,0.5,0.013852231239235735,0.013918946628184643,6.671538894890798e-05,6.671538894890798e-05,6.714415373566242e-05,7.044394119358445,-7.044278190645199,-6.9335762694445595,-6.933042546332969,-6.933576269444558,-1.7763568394002505e-15,106.89788196946688,113.83145823891144,0.998498002542382,0.9984835114532261,9.378901912850026,9.36504968161079,-22.18024293611123,-15.246666666666673,-6.933576269444558,0.0,-6.933576269444558,0.0,-118.26503207917551,-111.33145580973095,-22.19246924028272,22.291060786025117,-15.258892970838161,-15.246666666666671,-0.01222630417149162,-0.00029763422073987713,106.89788196946688,129.0903512097496,0.998498002542382,0.998781145673966,9.378901912850026,9.366577969632226,0.05175930302357301,0.05099502799566835,0.7551065389998257,14.807454151490345,8,8,8,8,8,11,8,6,11,8,8,8,8,7,8
four_rooms_9,0,3,"(1, 4)",2,12,1,1,8.0,occupancy_or_uniform,5.766274344505174e-06,5.766274344505174e-06,0.0370547799246904,0.2524279251210576,0.03216211506357357,0.663135655120363,0.5,0.005528003751752664,0.005538608173729571,1.0604421976907405e-05,1.0604421976907405e-05,1.0631554012690682e-05,7.044394119358445,-7.04434798916369,-7.000170089344424,-7.000085253968609,-7.000170089344422,-1.7763568394002505e-15,106.89788196946688,113.8980520588113,0.998498002542382,0.9984922362680375,9.378901912850026,9.373373909098273,-21.37350342267776,-14.373333333333338,-7.0001700941582214,-4.813799137082242e-09,-7.000170089344422,0.0,-50.84548949414136,-43.84531940479694,-21.374033571650955,21.417727452691782,-14.373863482306533,-14.373333333333337,-0.0005301489731976972,-1.0973062714187865e-05,106.89788196946688,128.27191554111783,0.998498002542382,0.9985032093307517,9.378901912850026,9.373440177719923,0.05175930302357301,0.05099502799566835,0.7551065389998257,14.807454151490345,9,9,9,9,11,7,6,11,1,9,6,9,9,4,6
four_rooms_9,0,60,"(9, 1)",2,12,1,1,8.0,occupancy_or_uniform,3.7958620872080433e-08,3.7958620872080433e-08,0.9963583519227373,0.22735818991636017,0.0035989569194573995,0.6646107359693593,0.5,3.6459463938598446e-05,3.645992460035265e-05,4.6066175420550253e-10,4.6066175420550253e-10,4.607093197756795e-10,7.044394119358445,-7.044393815689478,-7.044102443646937,-7.044102439961643,-7.044102443646935,-1.7763568394002505e-15,106.89788196946688,113.94198441311381,0.998498002542382,0.998497964583761,9.378901912850026,9.378865453386087,-22.664102443646936,-15.620000000000001,-7.044102443646935,0.0,-7.044102443646935,0.0,-158.67996519673937,-151.63586275309245,-22.664137456514624,22.664394119358445,-15.620035012867689,-15.62,-3.501286768425871e-05,-8.484099883332429e-07,106.89788196946688,129.5620194259815,0.998498002542382,0.9984988129937494,9.378901912850026,9.378869829994548,0.05175930302357301,0.05099502799566835,0.7551065389998257,14.807454151490345,10,10,10,10,7,12,12,9,10,10,9,10,10,12,9
four_rooms_9,0,4,"(1, 6)",2,12,1,1,8.0,occupancy_or_uniform,1.6628389564577436e-08,1.6628389564577436e-08,0.0370543626921768,0.252427925121055,0.03216211506357356,0.6875124051172786,0.5,1.5971772933554007e-05,1.5971861353785688e-05,8.842023168059276e-11,8.842023168059276e-11,8.841104595028081e-11,7.044394119358445,-7.044393986331329,-7.044266345174977,-7.044266344467615,-7.044266345174975,-1.7763568394002505e-15,106.89788196946688,113.94214831464186,0.998498002542382,0.9984979859139924,9.378901912850026,9.378885941077092,-21.417599678508314,-14.373333333333338,-7.044266345174975,0.0,-7.044266345174975,0.0,-118.26503207917631,-111.22076573400133,-21.417783282858665,21.417727452691782,-14.37351693768369,-14.373333333333337,-0.00018360435035447153,-4.915478713517896e-06,106.89788196946688,128.31566525232554,0.998498002542382,0.9985029013927059,9.378901912850026,9.378908891620886,0.05175930302357301,0.05099502799566835,0.7551065389998257,14.807454151490345,11,11,11,11,12,10,7,7,2,11,7,11,11,8,7
four_rooms_9,0,42,"(6, 9)",2,12,1,1,8.0,occupancy_or_uniform,1.3513435296871714e-08,1.3513435296871714e-08,0.99625094435283,0.2524279251210588,0.03216211506357355,0.9200374106924439,0.5,1.2979834435711268e-05,1.2979892859544848e-05,5.842383357937614e-11,5.842383357937614e-11,5.838989317570898e-11,7.044394119358445,-7.044394011250963,-7.04429028068296,-7.044290280215569,-7.044290280682958,-1.7763568394002505e-15,106.89788196946688,113.94217225014984,0.998498002542382,0.9984979890289467,9.378901912850026,9.37888893301559,-23.41095694734963,-16.36666666666667,-7.044290280682958,0.0,-7.044290280682958,0.0,-20.471036004374582,-13.426745723691624,-23.41095695386241,23.411060786025114,-16.366666673179452,-16.366666666666667,-6.5127778725582175e-09,-5.642630068717918e-10,106.89788196946688,130.3088389233293,0.998498002542382,0.9984979895932097,9.378901912850026,9.378888933829687,0.05175930302357301,0.05099502799566835,0.7551065389998257,14.807454151490345,12,12,12,12,10,5,11,1,9,12,12,12,12,2,12
four_rooms_9,1,64,"(9, 6)",3,12,2,2,8.0,occupancy_or_uniform,0.900548178992747,0.900548178992747,0.2934310029542046,0.2524279251210587,0.032162115063573554,0.9200374106924439,0.5,4.744682338345574,40.23528067494216,35.490598336596584,35.490598336596584,587.9281317483496,7.10733031374958,0.09705511819239554,30.850128393015012,314.7749150857877,30.850128393015012,0.0,95.80185552880286,64.95172713578785,0.9692409201890513,0.06869274119630434,4.84718267618055,0.10250033783497627,15.603461726348343,-15.24666666666667,30.850128393015012,0.0,30.850128393015012,0.0,-62.85379345899608,-93.70392185201109,15.603398434573293,22.353996980416248,-15.246729958441719,-15.246666666666668,-6.329177504937888e-05,-5.483799570327186e-06,95.80185552880286,80.19845709422957,0.9692409201890513,0.06869822499587461,4.84718267618055,0.10250824930685724,0.06273221800802276,0.05215270409826189,0.9483408408705145,18.183924635695355,1,1,1,1,3,6,9,2,12,1,1,1,1,2,1
four_rooms_9,1,38,"(6, 4)",3,12,2,2,8.0,occupancy_or_uniform,0.033864903168755615,0.033864903168755615,0.29317243800511794,0.34431734375612716,0.21629114121895637,0.78215684475626,0.5,1.0211220778574586,1.5130383531914953,0.4919162753340367,0.4919162753340367,0.831400048616416,7.10733031374958,-6.836411088399536,1.0616463091100883,4.996976511782382,1.0616463091100883,0.0,95.80185552880286,94.74020921969277,0.9692409201890513,0.9353760170202957,4.84718267618055,3.826060598323092,-14.558353690889914,-15.620000000000003,1.0616463073890259,-1.7210624037033995e-09,1.0616463091101167,2.842170943040401e-14,7.806419564661411,6.744773255551323,-15.899553564070189,22.727330313749583,-16.961199873180277,-15.620000000000003,-1.3411998731802814,-0.03279670178408816,95.80185552880286,111.70140909287305,0.9692409201890513,0.9681727188043838,4.84718267618055,3.9937105824706265,0.06273221800802276,0.05215270409826189,0.9483408408705145,18.183924635695355,2,2,2,2,8,3,3,5,7,2,2,2,2,1,2
four_rooms_9,1,28,"(4, 4)",3,12,2,2,8.0,occupancy_or_uniform,0.017543574428508138,0.017543574428508138,0.2932252477203996,0.34431734375612555,0.2162911412189564,0.6632909039648043,0.5,0.6204805193541336,0.7837906707316183,0.16331015137748472,0.16331015137748472,0.22310488732577252,7.10733031374958,-6.966981718321515,-2.1434861589165113,-0.8370049478966335,-2.1434861589165024,-8.881784197001252e-15,95.80185552880286,97.94534168771936,0.9692409201890513,0.9516973457605432,4.84718267618055,4.226702156826416,-18.636819492249835,-16.493333333333332,-2.1434987688597005,-1.260994319807196e-05,-2.1434861589165024,0.0,-106.75331295505057,-104.60982679613407,-19.46985148787917,23.600663647082904,-17.326365328962666,-16.493333333333325,-0.8330319956293408,-0.017257343520825377,95.80185552880286,115.27170701668203,0.9692409201890513,0.9689546892813685,4.84718267618055,4.330831156280084,0.06273221800802276,0.05215270409826189,0.9483408408705145,18.183924635695355,3,3,3,3,5,4,1,11,3,3,4,3,3,6,4
four_rooms_9,1,39,"(6, 6)",3,12,2,2,8.0,occupancy_or_uniform,0.016339131482494752,0.016339131482494752,0.2931724976097627,0.34431734375612844,0.21629114121895635,0.8082925996641884,0.5,0.585764620669166,0.7300098903210249,0.1442452696518589,0.1442452696518589,0.19353861882453527,7.10733031374958,-6.976617261889622,-2.421213348396252,-1.2672511911813809,-2.421213348396236,-1.5987211554602254e-14,95.80185552880286,98.2230688771991,0.9692409201890513,0.9529017887065567,4.84718267618055,4.261418055511384,-18.041213348396255,-15.620000000000019,-2.421213348396236,0.0,-2.4212133483962077,2.842170943040401e-14,-153.68456659385268,-151.26335324545644,-18.64233464426647,22.727330313749583,-16.221121295870233,-15.620000000000003,-0.6011212958702146,-0.016409118368952404,95.80185552880286,114.44419017306933,0.9692409201890513,0.9693109070755089,4.84718267618055,4.336558217495161,0.06273221800802276,0.05215270409826189,0.9483408408705145,18.183924635695355,4,4,4,4,7,1,4,3,8,4,3,4,4,9,3
four_rooms_9,1,29,"(4, 6)",3,12,2,2,8.0,occupancy_or_uniform,0.00033335178995961217,0.00033335178995961217,0.29322518811575476,0.34431734375612716,0.21629114121895637,0.7821568447562608,0.5,0.01303527526178883,0.013096583120580272,6.13078587914425e-05,6.13078587914425e-05,6.169510402708271e-05,7.10733031374958,-7.104663499429903,-7.00304811165527,-7.002557648784938,-7.003048111655261,-8.881784197001252e-15,95.80185552880286,102.80490364045812,0.9692409201890513,0.9689075683990918,4.84718267618055,4.834147400918761,-23.496381444988593,-16.493333333333332,-7.003048111712474,-5.721290108340327e-11,-7.003048111655261,0.0,-120.95260103823338,-113.94955292657812,-23.509698125834134,23.600663647082904,-16.506650014178874,-16.493333333333325,-0.013316680845548517,-0.0011155106815603272,95.80185552880286,119.311553654637,0.9692409201890513,0.970023079080652,4.84718267618055,4.835811986024455,0.06273221800802276,0.05215270409826189,0.9483408408705145,18.183924635695355,5,7,7,5,6,2,2,4,4,7,11,7,7,8,11
four_rooms_9,1,35,"(6, 1)",3,12,2,2,8.0,occupancy_or_uniform,0.00030771794828826117,0.00030771794828826117,0.29317178235402513,0.2524279251210551,0.03216211506357355,0.6875124051172786,0.5,0.013680232527585401,0.013748424302477698,6.81917748922966e-05,6.81917748922966e-05,6.864612479276973e-05,7.10733031374958,-7.1048685701632746,-6.997888453528897,-6.997342919329759,-6.997888453528887,-9.769962616701378e-15,95.80185552880286,102.79974398233175,0.9692409201890513,0.9689332022407632,4.84718267618055,4.833502443652964,-23.364555120195554,-16.366666666666667,-6.997888453549336,-2.0449419935175683e-11,-6.997888453528859,2.842170943040401e-14,-96.08912203262557,-89.09123357909668,-23.37681168809101,23.47399698041624,-16.378923234562123,-16.36666666666666,-0.012256567895468876,-0.0002983013833184837,95.80185552880286,119.17866721689387,0.9692409201890513,0.9692315036240815,4.84718267618055,4.835034514639898,0.06273221800802276,0.05215270409826189,0.9483408408705145,18.183924635695355,6,5,5,6,10,8,10,9,6,5,9,5,5,4,9
four_rooms_9,1,63,"(9, 4)",3,12,2,2,8.0,occupancy_or_uniform,0.0002968858604637347,0.0002968858604637347,0.2934313009774286,0.252427925121055,0.03216211506357356,0.7564607526767435,0.5,0.013200971009620985,0.013264461178662763,6.349016904177822e-05,6.349016904177822e-05,6.38983138118049e-05,7.10733031374958,-7.10495522686587,-7.001722545672612,-7.001214624320278,-7.001722545672607,-5.329070518200751e-15,95.80185552880286,102.80357807447547,0.9692409201890513,0.9689440343285877,4.84718267618055,4.833981705170929,-22.24838921233928,-15.246666666666673,-7.0017225456739425,-1.3358203432289883e-12,-7.001722545672607,0.0,-118.37246336953595,-111.37074082386334,-22.260615516502767,22.353996980416248,-15.25889297083016,-15.246666666666668,-0.012226304163494087,-0.0002976342207462556,95.80185552880286,118.06247104530563,0.9692409201890513,0.9692416685493338,4.84718267618055,4.835509993191366,0.06273221800802276,0.05215270409826189,0.9483408408705145,18.183924635695355,7,6,6,7,1,10,8,6,11,6,7,6,6,7,7
four_rooms_9,1,3,"(1, 4)",3,12,2,2,8.0,occupancy_or_uniform,6.0216752152514534e-06,6.0216752152514534e-06,0.07192212621612912,0.2524279251210576,0.03216211506357357,0.663135655120363,0.5,2.0707731555484735e-05,2.0707810237860275e-05,7.868237553943706e-11,7.868237553943706e-11,7.868239920405913e-11,7.10733031374958,-7.107282140347858,-7.107164651897136,-7.107164651267677,-7.107164651897136,0.0,95.80185552880286,102.9090201807,0.9692409201890513,0.9692348985138362,4.84718267618055,4.8471619684489955,-21.48049798523047,-14.373333333333335,-7.107164670102279,-1.8205142282567977e-08,-7.107164651897136,0.0,-85.72854078233175,-78.62137613043461,-21.48102745572568,21.480663647082913,-14.373862803828544,-14.373333333333333,-0.0005294704952180661,-1.0972460477332601e-05,95.80185552880286,117.28288298452854,0.9692409201890513,0.9692458709743134,4.84718267618055,4.847228152260897,0.06273221800802276,0.05215270409826189,0.9483408408705145,18.183924635695355,8,9,9,8,12,7,5,12,1,9,5,9,9,3,6
four_rooms_9,1,60,"(9, 1)",3,12,2,2,8.0,occupancy_or_uniform,7.776763843786528e-07,7.776763843786528e-07,0.2934312413727838,0.22735818991636017,0.0035989569194573995,0.6646107359693593,0.5,3.4745097087825565e-05,3.474553552020317e-05,4.3843237760188714e-10,4.3843237760188714e-10,4.384380032730713e-10,7.10733031374958,-7.107324092338505,-7.107052352972878,-7.107052349465419,-7.107052352972872,-6.217248937900877e-15,95.80185552880286,102.90890788177573,0.9692409201890513,0.9692401425126671,4.84718267618055,4.847147931083462,-22.72705235297288,-15.620000000000008,-7.107052352972886,-1.4210854715202004e-14,-7.107052352972829,4.263256414560601e-14,-159.20135293654087,-152.09430058356799,-22.72708736584005,22.727330313749583,-15.620035012867177,-15.620000000000003,-3.501286717565741e-05,-8.484099884637021e-07,95.80185552880286,118.52894289464291,0.9692409201890513,0.9692409909226554,4.84718267618055,4.847152307691859,0.06273221800802276,0.05215270409826189,0.9483408408705145,18.183924635695355,9,8,8,9,2,12,12,10,10,8,8,8,8,10,8
four_rooms_9,1,42,"(6, 9)",3,12,2,2,8.0,occupancy_or_uniform,2.72497987412526e-07,2.72497987412526e-07,0.29332550273293095,0.2524279251210588,0.03216211506357355,0.9200374106924439,0.5,1.216513667452467e-05,1.2165190415579762e-05,5.3741055091891606e-11,5.3741055091891606e-11,5.3743240631194205e-11,7.10733031374958,-7.107328133765681,-7.107232992656184,-7.107232992226256,-7.107232992656179,-4.440892098500626e-15,95.80185552880286,102.90908852145904,0.9692409201890513,0.9692406476910639,4.84718267618055,4.847170511043876,-23.473899659322843,-16.366666666666664,-7.107232992656179,0.0,-7.107232992656179,0.0,-98.25244364377457,-91.14521065111839,-23.473899665835617,23.47399698041624,-16.366666673179438,-16.36666666666666,-6.512781958997521e-09,-5.64262985283602e-10,95.80185552880286,119.27575519463848,0.9692409201890513,0.9692406482553269,4.84718267618055,4.847170511857973,0.06273221800802276,0.05215270409826189,0.9483408408705145,18.183924635695355,10,10,10,10,4,5,11,1,9,10,10,10,10,5,10
four_rooms_9,1,4,"(1, 6)",3,12,2,2,8.0,occupancy_or_uniform,9.9208324935183e-08,9.9208324935183e-08,0.07192230503006351,0.252427925121055,0.03216211506357356,0.6875124051172786,0.5,3.897646669607247e-06,3.897652133917041e-06,5.464309794168997e-12,5.464309794168997e-12,5.464379139070394e-12,7.10733031374958,-7.107329520082981,-7.107299132576223,-7.107299132532509,-7.107299132576216,-7.105427357601002e-15,95.80185552880286,102.90915466137908,0.9692409201890513,0.9692408209807264,4.84718267618055,4.8471787785338805,-21.480632465909558,-14.373333333333342,-7.107299132577168,-9.521272659185342e-13,-7.107299132576216,0.0,-165.81422523516275,-158.70692610258652,-21.480816070254846,21.480663647082913,-14.37351693767863,-14.373333333333333,-0.0001836043452969439,-4.915478712665986e-06,95.80185552880286,117.28267159905771,0.9692409201890513,0.969245736459439,4.84718267618055,4.847201729077042,0.06273221800802276,0.05215270409826189,0.9483408408705145,18.183924635695355,11,11,11,11,11,9,7,8,2,11,6,11,11,11,5
four_rooms_9,1,32,"(4, 9)",3,12,2,2,8.0,occupancy_or_uniform,5.4553142210831356e-09,5.4553142210831356e-09,0.29317184195866997,0.25242792512105394,0.03216211506357357,0.7564607526767427,0.5,2.1446903017925725e-07,2.144690457748683e-07,1.559561104419963e-14,1.559561104419963e-14,1.6545770826239218e-14,7.10733031374958,-7.107330270107067,-7.107328597997339,-7.107328597997214,-7.107328597997338,-8.881784197001252e-16,95.80185552880286,102.9091841268002,0.9692409201890513,0.9692409147337371,4.84718267618055,4.847182461711521,-25.220661931330667,-18.11333333333333,-7.107328597997338,0.0,-7.107328597997338,0.0,-216.570225099934,-209.46289650193665,-25.220667635102032,25.220663647082908,-18.113339037104694,-18.11333333333333,-5.703771372363446e-06,-4.736419719971205e-07,95.80185552880286,121.02252316390489,0.9692409201890513,0.9692413883757091,4.84718267618055,4.847183174682941,0.06273221800802276,0.05215270409826189,0.9483408408705145,18.183924635695355,12,12,12,12,9,11,6,7,5,12,12,12,12,12,12
four_rooms_9,2,38,"(6, 4)",4,12,3,3,8.0,occupancy_or_uniform,0.03386490472212114,0.03386490472212114,0.04742486617396609,0.34431734375612716,0.21629114121895637,0.78215684475626,0.5,0.05140242162459808,0.0522901923344176,0.0008877707098195187,0.0008877707098195187,0.0009091820993910361,6.830074998557748,-6.559155760780779,-6.418855625560964,-6.411753459882408,-6.418855625560951,-1.2434497875801753e-14,80.19845709422957,86.61731271979052,0.06869822499587461,0.03483332027375346,0.10250824930685724,0.051105827682259165,-22.038855625560966,-15.620000000000015,-6.418855625583305,-2.2353674467012752e-11,-6.418855625560951,0.0,133.11526794467056,139.53412357023151,-22.045780766147757,22.450074998557753,-15.626925140586806,-15.620000000000005,-0.006925140586790446,-0.0005947382943254712,80.19845709422957,102.24423786037732,0.06869822499587461,0.035428058568078936,0.10250824930685724,0.05197147025560797,0.07961529097519815,0.056253332062624395,1.1849673769320361,21.06483889012767,1,1,1,1,6,3,3,4,8,1,4,1,1,1,4
four_rooms_9,2,28,"(4, 4)",4,12,3,2,8.0,occupancy_or_uniform,0.017543574428508138,0.017543574428508138,0.04737110278436767,0.34431734375612555,0.2162911412189564,0.6632909039648043,0.5,0.026847682271307814,0.02708864590266023,0.00024096363135241508,0.00024096363135241508,0.0002439785177453712,6.830074998557748,-6.689726403129683,-6.6152935403872855,-6.613365831336466,-6.615293540387285,-8.881784197001252e-16,80.19845709422957,86.81375063461685,0.06869822499587461,0.05115465056736632,0.10250824930685724,0.07566056703554927,-23.10862687372061,-16.493333333333325,-6.615293758683578,-2.1829629304193077e-07,-6.615293540387285,0.0,-129.8920239408945,-123.2767304005072,-23.721725979752136,23.323408331891073,-17.106432439364852,-16.493333333333325,-0.6130991060315338,-0.016694312532323882,80.19845709422957,103.9201830739817,0.06869822499587461,0.06784896309969035,0.10250824930685724,0.15229795528949117,0.07961529097519815,0.056253332062624395,1.1849673769320361,21.06483889012767,2,2,2,2,9,4,1,11,4,2,8,2,2,6,11
four_rooms_9,2,39,"(6, 6)",4,12,3,3,8.0,occupancy_or_uniform,0.016344358312970403,0.016344358312970403,0.04742480656932129,0.34431734375612844,0.21629114121895635,0.8082925996641884,0.5,0.02502729263023506,0.025236499665560894,0.00020920703532583199,0.00020920703532583199,0.00021164525713875362,6.830074998557748,-6.699320132053985,-6.629856657515868,-6.628183001233261,-6.629856657515859,-8.881784197001252e-15,80.19845709422957,86.82831375174543,0.06869822499587461,0.0523538666829042,0.10250824930685724,0.07748095667662218,-22.249856657515874,-15.620000000000015,-6.629856657531363,-1.5504042494285386e-11,-6.629856657515859,0.0,-105.91826512570412,-99.28840846818827,-22.249858880597998,22.450074998557753,-15.620002223082139,-15.620000000000005,-2.2230821290214475e-06,-1.9261433074901912e-07,80.19845709422957,102.44831597482757,0.06869822499587461,0.05235405929723495,0.10250824930685724,0.07748123456188831,0.07961529097519815,0.056253332062624395,1.1849673769320361,21.06483889012767,3,3,3,3,7,1,4,2,9,3,6,3,3,4,6
four_rooms_9,2,29,"(4, 6)",4,12,3,3,8.0,occupancy_or_uniform,0.0003333518175708956,0.0003333518175708956,0.047371162389012476,0.34431734375612716,0.21629114121895637,0.7821568447562608,0.5,0.0005106366286878172,0.0005107061990945689,6.957040675178213e-08,6.957040675178213e-08,6.958454556243852e-08,6.830074998557748,-6.827408184017181,-6.825989905528246,-6.825989348964992,-6.825989905528232,-1.4210854715202004e-14,80.19845709422957,87.0244469997578,0.06869822499587461,0.06836487317830371,0.10250824930685724,0.10199761267816942,-23.31932323886157,-16.49333333333334,-6.825989905529411,-1.1795009413617663e-12,-6.825989905528232,0.0,-154.16774001460652,-147.3417501090783,-23.322919133449858,23.323408331891073,-16.496929227921626,-16.493333333333325,-0.0035958945882997723,-0.0003087222792297063,80.19845709422957,103.52137622767943,0.06869822499587461,0.06867359545753342,0.10250824930685724,0.1024470995017069,0.07961529097519815,0.056253332062624395,1.1849673769320361,21.06483889012767,4,4,4,4,8,2,2,3,5,4,11,4,4,8,10
four_rooms_9,2,35,"(6, 1)",4,12,3,2,8.0,occupancy_or_uniform,0.00030771794828826117,0.00030771794828826117,0.04742504498790049,0.2524279251210551,0.03216211506357355,0.6875124051172786,0.5,0.0004750667175194803,0.0004751417693697395,7.505185025920898e-08,7.505185025920898e-08,7.506834761196166e-08,6.830074998557748,-6.827613254971443,-6.826274464817592,-6.826273864402791,-6.826274464817288,-3.0375701953744283e-13,80.19845709422957,87.02473155904686,0.06869822499587461,0.06839050704756057,0.10250824930685724,0.1020331825893006,-23.192941131484254,-16.366666666666966,-6.8262744648177005,-4.121147867408581e-13,-6.826274464817288,0.0,-104.01559730200898,-97.1893228371917,-23.193069227241395,23.19674166522441,-16.366794762424107,-16.36666666666666,-0.00012809575714985968,-1.0901137975522293e-05,80.19845709422957,103.39152632147096,0.06869822499587461,0.06840140818556187,0.10250824930685724,0.1020491945589815,0.07961529097519815,0.056253332062624395,1.1849673769320361,21.06483889012767,5,5,5,5,5,7,9,8,7,5,9,5,5,3,8
four_rooms_9,2,63,"(9, 4)",4,12,3,3,8.0,occupancy_or_uniform,0.00029688588681505036,0.00029688588681505036,0.04716433427160107,0.252427925121055,0.03216211506357356,0.7564607526767435,0.5,0.00045834631316075334,0.00045841617469766466,6.986153691131277e-08,6.986153691131277e-08,6.98763527806538e-08,6.830074998557748,-6.8276999114632275,-6.826408228052462,-6.826407669160167,-6.826408228052458,-4.440892098500626e-15,80.19845709422957,87.02486532228203,0.06869822499587461,0.06840133910905956,0.10250824930685724,0.1020499029936965,-22.07307489471913,-15.246666666666673,-6.826408228052486,-2.842170943040401e-14,-6.826408228052458,0.0,-79.2527588049565,-72.42635057690404,-22.0731994912784,22.076741665224418,-15.246791263225944,-15.24666666666667,-0.0001245965592801602,-1.0608129619340005e-05,80.19845709422957,102.27165658550797,0.06869822499587461,0.0684119472386789,0.10250824930685724,0.10206547756360651,0.07961529097519815,0.056253332062624395,1.1849673769320361,21.06483889012767,6,6,6,6,11,9,8,5,12,6,5,6,6,2,5
four_rooms_9,2,3,"(1, 4)",4,12,3,2,8.0,occupancy_or_uniform,6.0216752152514534e-06,6.0216752152514534e-06,0.9729086188370567,0.2524279251210576,0.03216211506357357,0.663135655120363,0.5,8.742942732924513e-06,8.742966938657024e-06,2.4205732511157867e-11,2.4205732511157867e-11,2.4205761671462232e-11,6.830074998557748,-6.830026825156026,-6.830005055015885,-6.830005054822239,-6.830005055015874,-1.0658141036401503e-14,80.19845709422957,87.02846214924544,0.06869822499587461,0.06869220332065934,0.10250824930685724,0.10249950636412432,-21.20333838834922,-14.373333333333346,-6.830005055388739,-3.7286440601747017e-10,-6.830005055015874,0.0,-125.71745365900443,-118.88744860398856,-21.203696778670476,21.203408331891083,-14.373691723654602,-14.373333333333335,-0.000358390321259164,-1.0465222143233332e-05,80.19845709422957,101.40215387290004,0.06869822499587461,0.06870266854280259,0.10250824930685724,0.10254430515428171,0.07961529097519815,0.056253332062624395,1.1849673769320361,21.06483889012767,7,7,7,7,1,6,5,12,1,7,1,7,7,5,2
four_rooms_9,2,60,"(9, 1)",4,12,3,2,8.0,occupancy_or_uniform,7.776763843786528e-07,7.776763843786528e-07,0.047164155457666675,0.22735818991636017,0.0035989569194573995,0.6646107359693593,0.5,1.2007956891826783e-06,1.2007961684594051e-06,4.792767268720419e-13,4.792767268720419e-13,4.79456291747791e-13,6.830074998557748,-6.830068777146673,-6.8300653921922345,-6.8300653921884,-6.8300653921922105,-2.398081733190338e-14,80.19845709422957,87.02852248642178,0.06869822499587461,0.06869744731948897,0.10250824930685724,0.10250704851116622,-22.45006539219224,-15.62000000000003,-6.8300653921922105,0.0,-6.8300653921922105,0.0,-159.82769841391763,-152.99763302172542,-22.450065929266714,22.450074998557753,-15.620000537074503,-15.620000000000005,-5.370744758503103e-07,-4.531936676544733e-08,80.19845709422957,102.64852302349628,0.06869822499587461,0.068697492638857,0.10250824930685724,0.10250711564547754,0.07961529097519815,0.056253332062624395,1.1849673769320361,21.06483889012767,8,8,8,8,12,11,12,10,11,8,7,8,8,9,7
four_rooms_9,2,42,"(6, 9)",4,12,3,3,8.0,occupancy_or_uniform,5.278592346445102e-07,5.278592346445102e-07,0.04726393363303964,0.2524279251210588,0.03216211506357355,0.9200374106924439,0.5,7.89148105719291e-07,7.891482139770983e-07,1.0825780736300214e-13,1.0825780736300214e-13,1.0823318960719011e-13,6.830074998557748,-6.830070775683871,-6.830068685372902,-6.830068685372036,-6.830068685372893,-8.881784197001252e-15,80.19845709422957,87.02852577960246,0.06869822499587461,0.06869769713663997,0.10250824930685724,0.10250746015875152,-23.196735352039564,-16.36666666666667,-6.830068685372893,0.0,-6.830068685372893,0.0,-132.70085741953255,-125.87078873415966,-23.196735352440584,23.19674166522441,-16.36666666706769,-16.36666666666666,-4.0103239845654234e-10,-3.474672196444805e-11,80.19845709422957,103.39519244667015,0.06869822499587461,0.06869769717138668,0.10250824930685724,0.10250746020888057,0.07961529097519815,0.056253332062624395,1.1849673769320361,21.06483889012767,9,9,9,9,10,5,10,1,10,9,10,9,9,7,9
four_rooms_9,2,4,"(1, 6)",4,12,3,2,8.0,occupancy_or_uniform,9.9208324935183e-08,9.9208324935183e-08,0.9729084400231224,0.252427925121055,0.03216211506357356,0.6875124051172786,0.5,1.5199048084176363e-07,1.5199048700381204e-07,6.162048409533245e-15,6.162048409533245e-15,6.163154026515039e-15,6.830074998557748,-6.830074204891149,-6.830073782633901,-6.8300737826338525,-6.830073782633889,-1.2434497875801753e-14,80.19845709422957,87.02853087686346,0.06869822499587461,0.06869812578754927,0.10250824930685724,0.10250809731637579,-21.203407115967238,-14.373333333333349,-6.830073782633903,-1.4210854715202004e-14,-6.830073782633889,0.0,-235.13787507510517,-228.30780129247128,-21.203587769294273,21.203408331891083,-14.373513986660384,-14.373333333333335,-0.00018065332704232664,-4.903537802224998e-06,80.19845709422957,101.40204486352384,0.06869822499587461,0.0687030293253519,0.10250824930685724,0.10253067898225669,0.07961529097519815,0.056253332062624395,1.1849673769320361,21.06483889012767,10,10,10,10,2,8,7,7,2,10,2,10,10,10,1
four_rooms_9,2,32,"(4, 9)",4,12,3,2,8.0,occupancy_or_uniform,5.4553142210831356e-09,5.4553142210831356e-09,0.047425223801834886,0.25242792512105394,0.03216211506357357,0.7564607526767427,0.5,8.35804449941356e-09,8.358044507535239e-09,8.121677807435578e-18,8.121677807435578e-18,1.8656595120664183e-17,6.830074998557748,-6.830074954915235,-6.830074931693392,-6.830074931693392,-6.8300749316877045,-5.687894599759602e-12,80.19845709422957,87.02853202591727,0.06869822499587461,0.06869821954006866,0.10250824930685724,0.1025082409481033,-24.943408265026722,-18.113333333339018,-6.8300749316877045,0.0,-6.8300749316877045,0.0,-251.20218713263512,-244.3721122009474,-24.943410665443125,24.943408331891078,-18.11333573375542,-18.11333333333333,-2.40041640303553e-06,-2.0428016408297255e-07,80.19845709422957,105.14186775967269,0.06869822499587461,0.06869842382072447,0.10250824930685724,0.10250854100086312,0.07961529097519815,0.056253332062624395,1.1849673769320361,21.06483889012767,11,11,11,11,4,10,6,6,6,11,12,11,11,11,12
four_rooms_9,2,7,"(1, 9)",4,12,3,1,8.0,occupancy_or_uniform,3.835760220792947e-12,3.835760220792947e-12,0.9729083804184775,0.22735818991636003,0.0035989569194573995,0.6646107359693593,0.5,5.94171996960191e-12,5.941716515383518e-12,-3.4542183920866253e-18,3.4542183920866253e-18,1.286385483360236e-23,6.830074998557748,-6.830074998527063,-6.830074998510215,-6.830074998510215,-6.83007499850126,-8.954614827416663e-12,80.19845709422957,87.02853209273083,0.06869822499587461,0.0686982249912666,0.10250824930685724,0.10250824929979772,-21.576741665176883,-14.746666666675623,-6.83007499850126,0.0,-6.83007499850126,0.0,-310.9037236959151,-304.0736486974139,-21.57674168394604,21.576741665224418,-14.74666668544478,-14.74666666666667,-1.876916877979269e-08,-5.065788296179198e-10,80.19845709422957,101.77519877817561,0.06869822499587461,0.06869822549861768,0.10250824930685724,0.10250825164706162,0.07961529097519815,0.056253332062624395,1.1849673769320361,21.06483889012767,12,12,12,12,3,12,11,9,3,12,3,12,12,12,3
open_room_7,0,42,"(7, 1)",2,2,1,1,8.0,occupancy_or_uniform,0.9067046102875489,0.9067046102875489,0.27748601064425843,0.33308972537034803,0.01780334884685391,0.8324197119294303,0.5,3.4220503997054426,14.021038438834218,10.598988039128775,10.598988039128775,68.1327353777177,6.554588851677603,0.6990480306227882,20.821814345965937,105.61371865899613,20.82181434596594,-3.552713678800501e-15,37.056403198064416,16.234588852098476,0.9067046103250147,3.746580823360546e-11,3.4220503997580516,5.260907261648566e-11,16.29514767929927,-4.526666666666671,20.82181434596594,0.0,20.82181434596594,0.0,20.821814095429758,-2.505361820226426e-07,16.295147679280763,11.081255518344271,-4.526666666685177,-4.526666666666668,-1.850963826655061e-11,-2.5105473255848665e-12,37.056403198064416,20.761255518783653,0.9067046103250147,3.997633651378784e-11,3.4220503997580516,5.4922846372375616e-11,0.033000499999616295,0.029175946896430105,0.08114174706861377,2.7811178624863095,1,1,1,1,2,1,2,2,2,1,1,1,1,1,1
open_room_7,0,6,"(1, 7)",2,2,1,1,8.0,occupancy_or_uniform,3.7465842361939215e-11,3.7465842361939215e-11,0.6889795048123881,0.33308972537034637,0.01780334884685391,0.8324197119294303,0.5,5.793610036164409e-10,5.793618008994773e-10,7.972830364043756e-16,7.972830364043756e-16,1.1633092470279022e-19,6.554588851677603,-6.5545888513778765,-6.554588847042715,-6.554588847042709,-6.554588847042709,-6.217248937900877e-15,37.056403198064416,43.610992045107125,0.9067046103250147,0.9067046102875489,3.4220503997580516,3.4220503991786906,-10.207922180376048,-3.6533333333333395,-6.554588847042709,0.0,-6.554588847042709,0.0,20.82181409542973,27.37640294247244,-10.207922180376045,10.207922185010936,-3.653333333333336,-3.6533333333333333,0.0,-3.4128333757092775e-17,37.056403198064416,47.26432537844046,0.9067046103250147,0.9067046102875489,3.4220503997580516,3.4220503991786906,0.033000499999616295,0.029175946896430105,0.08114174706861377,2.7811178624863095,2,2,2,2,1,2,1,1,1,2,2,2,2,2,2
open_room_7,1,6,"(1, 7)",3,1,2,2,8.0,occupancy_or_uniform,3.997633651378784e-11,3.997633651378784e-11,0.6536909921008819,0.33308972537034637,0.01780334884685391,0.8324197119294303,0.5,5.7673884205275234e-11,5.767366244332757e-11,-2.2176194766143557e-16,2.2176194766143557e-16,1.0175619757713198e-21,6.60852445677818,-6.608524456458369,-6.608524456316789,-6.608524456316791,-6.60852445631679,8.881784197001252e-16,20.761255518783653,27.369779975100442,3.997633651378784e-11,0.0,5.4922846372375616e-11,-2.7510378328996216e-12,-10.261857789650122,-3.6533333333333324,-6.60852445631679,0.0,-6.60852445631679,0.0,20.767878992381767,27.376403448698557,-10.261857789650122,10.261857790111513,-3.6533333333333324,-3.6533333333333333,4.614633842280203e-22,0.0,20.761255518783653,31.023113308433775,3.997633651378784e-11,0.0,5.4922846372375616e-11,-2.7510378329573005e-12,0.040422731020953506,0.029543470998760313,0.05211242299992591,1.7639235079084858,1,1,1,1,1,1,1,1,1,1,1,1,1,1,1
