seed,epoch,group_margin_loss,gap_loss,group_bce,joint_bce,ranking_loss,total_loss,internal_holdout_group_margin_loss,internal_holdout_gap_loss,internal_holdout_group_bce,internal_holdout_joint_bce,internal_holdout_ranking_loss,internal_holdout_total_loss,internal_holdout_n_contexts,internal_holdout_joint_pass_rate,internal_holdout_joint_pass_count,internal_holdout_candidate_failure_auc,selection_key
0,10,0.19293411076068878,0.06968124210834503,0.5962206125259399,0.39718902111053467,0.35026636719703674,2.126457452774048,0.16946962475776672,0.04965817928314209,0.6439449191093445,0.4182751178741455,0.31272903084754944,2.17795991897583,36.0,0.9722222222222222,35.0,0.9770520741394528,"(0.9722222222222222, 0.9770520741394528, -2.17795991897583, -10.0)"
0,20,0.10556823760271072,0.0427488349378109,0.3396191895008087,0.22549045085906982,0.12748093903064728,1.1724672317504883,0.1075778380036354,0.04617017135024071,0.45317697525024414,0.2910567820072174,0.1594773828983307,1.4953657388687134,36.0,1.0,36.0,0.9876434245366285,"(1.0, 0.9876434245366285, -1.4953657388687134, -20.0)"
0,30,0.05308770388364792,0.026112625375390053,0.2023174911737442,0.1170109361410141,0.02762983925640583,0.6305133700370789,0.05257738381624222,0.03262203931808472,0.2806766927242279,0.12916383147239685,0.029887426644563675,0.779485821723938,36.0,1.0,36.0,0.9982347749338041,"(1.0, 0.9982347749338041, -0.779485821723938, -30.0)"
0,40,0.02021164447069168,0.021022019907832146,0.1242818683385849,0.05177319794893265,0.005129829049110413,0.33376777172088623,0.022151140496134758,0.033205222338438034,0.1846979558467865,0.07401618361473083,0.0061612906865775585,0.48351627588272095,36.0,1.0,36.0,1.0,"(1.0, 1.0, -0.48351627588272095, -40.0)"
0,50,0.01428968831896782,0.016423773020505905,0.08677127212285995,0.033181991428136826,0.0029328784439712763,0.22870080173015594,0.06404457986354828,0.03055732510983944,0.2160039097070694,0.10731075704097748,0.004335752222687006,0.6353971362113953,36.0,1.0,36.0,0.9982347749338041,"(1.0, 0.9982347749338041, -0.6353971362113953, -50.0)"
0,60,0.012688111513853073,0.014290852472186089,0.06480938196182251,0.022144583985209465,0.0009719501831568778,0.16896817088127136,0.03673922270536423,0.028198178857564926,0.25282400846481323,0.10174080729484558,0.0031164810061454773,0.6492132544517517,36.0,1.0,36.0,0.9964695498676082,"(1.0, 0.9964695498676082, -0.6492132544517517, -60.0)"
0,70,0.007641047704964876,0.011031361296772957,0.04128033667802811,0.023481333628296852,0.00030209877877496183,0.1277066320180893,0.03731010854244232,0.026990815997123718,0.2692359387874603,0.08265085518360138,0.0018833719659596682,0.6343982219696045,36.0,1.0,36.0,0.9964695498676082,"(1.0, 0.9964695498676082, -0.6343982219696045, -70.0)"
0,80,0.00649865809828043,0.009793209843337536,0.035223882645368576,0.013732967898249626,0.00020504322310443968,0.0966961532831192,0.03381090238690376,0.026723796501755714,0.45387008786201477,0.13140152394771576,0.0037493028212338686,1.0060175657272339,36.0,1.0,36.0,0.9947043248014121,"(1.0, 0.9947043248014121, -1.0060175657272339, -80.0)"
0,90,0.006219660397619009,0.011193189769983292,0.0328967310488224,0.010170199908316135,0.00017303630011156201,0.0871848613023758,0.04614531621336937,0.026288138702511787,0.45116353034973145,0.09594625979661942,0.0023496493231505156,0.9422460794448853,36.0,1.0,36.0,0.9947043248014121,"(1.0, 0.9947043248014121, -0.9422460794448853, -90.0)"
0,100,0.004215835593640804,0.009295100346207619,0.0221804678440094,0.013208569958806038,9.331863111583516e-05,0.07324544340372086,0.08732122927904129,0.02668503299355507,0.537115216255188,0.13590127229690552,0.0026099160313606262,1.1927865743637085,36.0,1.0,36.0,0.9964695498676082,"(1.0, 0.9964695498676082, -1.1927865743637085, -100.0)"
0,110,0.004510680679231882,0.008216784335672855,0.019205810502171516,0.009792571887373924,7.026055391179398e-05,0.06115645542740822,0.07912827283143997,0.024612292647361755,0.6124953627586365,0.10893639922142029,0.0027053437661379576,1.2417091131210327,36.0,1.0,36.0,0.9947043248014121,"(1.0, 0.9947043248014121, -1.2417091131210327, -110.0)"
0,120,0.003482249565422535,0.007990910671651363,0.01744590699672699,0.0064960746094584465,7.36574293114245e-05,0.05067099630832672,0.06827567517757416,0.024554649367928505,0.6154115200042725,0.10360410809516907,0.002189689315855503,1.2242505550384521,36.0,1.0,36.0,0.9947043248014121,"(1.0, 0.9947043248014121, -1.2242505550384521, -120.0)"
0,130,0.0031806863844394684,0.007355598267167807,0.014237336814403534,0.007789590861648321,5.2704526751767844e-05,0.04749782755970955,0.06366489827632904,0.025414621457457542,0.7196179628372192,0.156839057803154,0.004149372223764658,1.4842593669891357,36.0,1.0,36.0,0.9947043248014121,"(1.0, 0.9947043248014121, -1.4842593669891357, -130.0)"
0,140,0.0026852895971387625,0.007099185138940811,0.012078900821506977,0.0059954323805868626,3.3325770345982164e-05,0.03991035372018814,0.049912940710783005,0.024593530222773552,0.6276039481163025,0.10408339649438858,0.0020234540570527315,1.2250909805297852,36.0,1.0,36.0,0.9947043248014121,"(1.0, 0.9947043248014121, -1.2250909805297852, -140.0)"
0,150,0.0033879277762025595,0.005800220184028149,0.012166738510131836,0.005307009909301996,3.493417170830071e-05,0.038069743663072586,0.042794737964868546,0.025594623759388924,0.592905580997467,0.10919878631830215,0.001398195861838758,1.1768443584442139,36.0,1.0,36.0,0.9947043248014121,"(1.0, 0.9947043248014121, -1.1768443584442139, -150.0)"
0,160,0.0024189038667827845,0.007136011961847544,0.009450295008718967,0.004040955100208521,1.7950753317563795e-05,0.03182124346494675,0.07470891624689102,0.024407556280493736,0.7495206594467163,0.1313180923461914,0.00235534505918622,1.4872112274169922,36.0,1.0,36.0,0.9947043248014121,"(1.0, 0.9947043248014121, -1.4872112274169922, -160.0)"
0,170,0.002764210570603609,0.005946689750999212,0.009764638729393482,0.003790799528360367,1.7410291548003443e-05,0.03094816394150257,0.047607190907001495,0.023358099162578583,0.8043069243431091,0.15178170800209045,0.003946900833398104,1.5829626321792603,36.0,1.0,36.0,0.9964695498676082,"(1.0, 0.9964695498676082, -1.5829626321792603, -170.0)"
0,180,0.002202521078288555,0.005603807047009468,0.008043940179049969,0.0032991422340273857,1.165399680758128e-05,0.02647634781897068,0.04590773954987526,0.02353684976696968,0.7133486866950989,0.10431641340255737,0.001784047344699502,1.3489924669265747,36.0,1.0,36.0,0.9964695498676082,"(1.0, 0.9964695498676082, -1.3489924669265747, -180.0)"
0,190,0.0020877246279269457,0.005563478451222181,0.007093360647559166,0.0031409848015755415,9.497989594819956e-06,0.02457796409726143,0.0462520569562912,0.022808752954006195,0.7587183117866516,0.11967053264379501,0.0016893126303330064,1.4473239183425903,36.0,1.0,36.0,0.9964695498676082,"(1.0, 0.9964695498676082, -1.4473239183425903, -190.0)"
0,200,0.002478034235537052,0.005506556015461683,0.006703490857034922,0.0033317136112600565,9.625899110687897e-06,0.024708066135644913,0.05105443298816681,0.02326706051826477,0.8409848809242249,0.15101510286331177,0.0023674904368817806,1.6390128135681152,36.0,1.0,36.0,0.9947043248014121,"(1.0, 0.9947043248014121, -1.6390128135681152, -200.0)"
0,210,0.0030952913220971823,0.005052871070802212,0.006826233118772507,0.0030021953862160444,6.327597020572284e-06,0.024395067244768143,0.07679051160812378,0.020943986251950264,0.8409789204597473,0.14955779910087585,0.0017379114869982004,1.6591874361038208,36.0,1.0,36.0,0.9947043248014121,"(1.0, 0.9947043248014121, -1.6591874361038208, -210.0)"
0,220,0.001995312049984932,0.0054495809599757195,0.005337522365152836,0.0027453238144516945,8.316581443068571e-06,0.02094598114490509,0.058334797620773315,0.020541222766041756,0.7809642553329468,0.12893487513065338,0.0016027496894821525,1.50899338722229,36.0,1.0,36.0,0.9955869373345102,"(1.0, 0.9955869373345102, -1.50899338722229, -220.0)"
0,230,0.0018959281733259559,0.005134121980518103,0.00545876007527113,0.0019804686307907104,7.118395842553582e-06,0.019182687625288963,0.07673397660255432,0.020383883267641068,0.8644326329231262,0.1681980937719345,0.0019002644112333655,1.7311131954193115,36.0,1.0,36.0,0.9947043248014121,"(1.0, 0.9947043248014121, -1.7311131954193115, -230.0)"
0,240,0.0018313911277800798,0.003845332423225045,0.005167994182556868,0.0018530640518292785,3.908106918970589e-06,0.017136795446276665,0.066435806453228,0.019891273230314255,0.839196503162384,0.13781504333019257,0.0016803659964352846,1.6215921640396118,36.0,1.0,36.0,0.9947043248014121,"(1.0, 0.9947043248014121, -1.6215921640396118, -240.0)"
0,250,0.0016950059216469526,0.0039270855486392975,0.0040045990608632565,0.0017878087237477303,4.487620117288316e-06,0.015206851065158844,0.05161109194159508,0.019965145736932755,0.8427891731262207,0.14530479907989502,0.0023735833819955587,1.6275564432144165,36.0,1.0,36.0,0.9964695498676082,"(1.0, 0.9964695498676082, -1.6275564432144165, -250.0)"
0,260,0.0015182853676378727,0.0036798983346670866,0.004478129558265209,0.0018706087721511722,3.2771724818303483e-06,0.015658235177397728,0.056003112345933914,0.019000113010406494,0.9162423014640808,0.19347237050533295,0.0025403404142707586,1.8375816345214844,36.0,1.0,36.0,0.9947043248014121,"(1.0, 0.9947043248014121, -1.8375816345214844, -260.0)"
0,270,0.001514691743068397,0.003935129847377539,0.004174661356955767,0.0019295592792332172,3.948317953472724e-06,0.015572906471788883,0.07824023067951202,0.019079824909567833,0.9430089592933655,0.15393109619617462,0.0016995817422866821,1.8205455541610718,36.0,1.0,36.0,0.9947043248014121,"(1.0, 0.9947043248014121, -1.8205455541610718, -270.0)"
0,280,0.0014314849395304918,0.004231275524944067,0.0036512978840619326,0.0019495021551847458,8.594555765739642e-06,0.01504300907254219,0.10064692795276642,0.019533419981598854,0.939045250415802,0.16658350825309753,0.0015831151977181435,1.8627068996429443,36.0,1.0,36.0,0.9947043248014121,"(1.0, 0.9947043248014121, -1.8627068996429443, -280.0)"
0,290,0.0015774995554238558,0.004204533528536558,0.0035250240471214056,0.0014649308286607265,2.749175791905145e-06,0.014000806026160717,0.10237835347652435,0.019941892474889755,0.9901810884475708,0.17897441983222961,0.0017652800306677818,1.966423511505127,36.0,1.0,36.0,0.9947043248014121,"(1.0, 0.9947043248014121, -1.966423511505127, -290.0)"
0,300,0.002178365597501397,0.0038463689852505922,0.0033240311313420534,0.001578985946252942,2.282144350829185e-06,0.014169893227517605,0.08908779919147491,0.019527263939380646,1.0186245441436768,0.20523832738399506,0.002754499902948737,2.048405885696411,36.0,1.0,36.0,0.9947043248014121,"(1.0, 0.9947043248014121, -2.048405885696411, -300.0)"
1,10,0.18351823091506958,0.061425525695085526,0.6259256601333618,0.4482286274433136,0.40857231616973877,2.2845757007598877,0.17650815844535828,0.04907216131687164,0.6164165139198303,0.43778419494628906,0.3456369936466217,2.198591947555542,36.0,1.0,36.0,0.9796999117387467,"(1.0, 0.9796999117387467, -2.198591947555542, -10.0)"
1,20,0.09858907759189606,0.04083835333585739,0.3908401131629944,0.2716863453388214,0.1726120114326477,1.3553663492202759,0.09803608059883118,0.03972809761762619,0.46304741501808167,0.3477015793323517,0.17874211072921753,1.6171096563339233,36.0,1.0,36.0,0.9823477493380406,"(1.0, 0.9823477493380406, -1.6171096563339233, -20.0)"
1,30,0.04981181398034096,0.027085797861218452,0.2386254072189331,0.14288152754306793,0.05149516835808754,0.7463464140892029,0.04294190555810928,0.02912130020558834,0.3149394690990448,0.16689905524253845,0.04744420573115349,0.9019926190376282,36.0,1.0,36.0,0.9973521624007061,"(1.0, 0.9973521624007061, -0.9019926190376282, -30.0)"
1,40,0.031235281378030777,0.019711587578058243,0.15592138469219208,0.06654419004917145,0.009997675195336342,0.42291614413261414,0.028956567868590355,0.02845129929482937,0.18686999380588531,0.07724034786224365,0.007252320647239685,0.49581971764564514,36.0,1.0,36.0,1.0,"(1.0, 1.0, -0.49581971764564514, -40.0)"
1,50,0.023928102105855942,0.016364814713597298,0.11212104558944702,0.05245823413133621,0.004891174379736185,0.3158365488052368,0.053622130304574966,0.026978733018040657,0.19464315474033356,0.07077670097351074,0.004878218285739422,0.5165581107139587,36.0,1.0,36.0,1.0,"(1.0, 1.0, -0.5165581107139587, -50.0)"
1,60,0.013685855083167553,0.015518751926720142,0.07324827462434769,0.0516047365963459,0.0008439162629656494,0.2427084594964981,0.08021694421768188,0.0242020096629858,0.25860241055488586,0.11132967472076416,0.005161614622920752,0.717562735080719,36.0,1.0,36.0,0.9982347749338041,"(1.0, 0.9982347749338041, -0.717562735080719, -60.0)"
1,70,0.01039258111268282,0.015595550648868084,0.0695469006896019,0.025219103321433067,0.0009598896722309291,0.18122664093971252,0.036483049392700195,0.022481339052319527,0.21099163591861725,0.05677861347794533,0.003218980273231864,0.49061858654022217,36.0,1.0,36.0,1.0,"(1.0, 1.0, -0.49061858654022217, -70.0)"
1,80,0.009873217903077602,0.010634410195052624,0.05421624705195427,0.018542373552918434,0.0004964523250237107,0.1391649693250656,0.0792338103055954,0.0245912317186594,0.3418204188346863,0.11666655540466309,0.004108841996639967,0.8519431352615356,36.0,1.0,36.0,0.9973521624007061,"(1.0, 0.9973521624007061, -0.8519431352615356, -80.0)"
1,90,0.007156571839004755,0.00858684815466404,0.036781128495931625,0.016937529668211937,0.00021812401246279478,0.10489922761917114,0.03824785351753235,0.02522970549762249,0.3728673458099365,0.0658126100897789,0.003455536440014839,0.7561315894126892,36.0,1.0,36.0,0.999117387466902,"(1.0, 0.999117387466902, -0.7561315894126892, -90.0)"
1,100,0.005002591758966446,0.008907918818295002,0.03042600303888321,0.015406947582960129,0.00021163481869734824,0.09046923369169235,0.04137634113430977,0.026374757289886475,0.38215571641921997,0.05864082649350166,0.002423834055662155,0.7594783306121826,36.0,1.0,36.0,1.0,"(1.0, 1.0, -0.7594783306121826, -100.0)"
1,110,0.005487908609211445,0.009467152878642082,0.026457784697413445,0.02209535241127014,0.00014009373262524605,0.09890249371528625,0.042600926011800766,0.02317637950181961,0.4416159391403198,0.057733722031116486,0.002334916265681386,0.8448361158370972,36.0,1.0,36.0,1.0,"(1.0, 1.0, -0.8448361158370972, -110.0)"
1,120,0.004703438375145197,0.009127392433583736,0.02551504410803318,0.009431022219359875,0.00010421551269246265,0.0710175558924675,0.03342733159661293,0.02360795997083187,0.4408288896083832,0.05378594622015953,0.0022233508061617613,0.8269621729850769,36.0,1.0,36.0,1.0,"(1.0, 1.0, -0.8269621729850769, -120.0)"
1,130,0.004301170818507671,0.00687240669503808,0.021304002031683922,0.008094007149338722,8.032201003516093e-05,0.05935775488615036,0.05946012958884239,0.024664193391799927,0.4527425765991211,0.0670294538140297,0.0016667860327288508,0.898130476474762,36.0,1.0,36.0,0.999117387466902,"(1.0, 0.999117387466902, -0.898130476474762, -130.0)"
1,140,0.0037190574221313,0.007391377352178097,0.017496513202786446,0.006683770101517439,5.65018635825254e-05,0.05075100064277649,0.0647110641002655,0.023248182609677315,0.5086829662322998,0.07981996983289719,0.0017347721150144935,1.0114909410476685,36.0,1.0,36.0,0.9973521624007061,"(1.0, 0.9973521624007061, -1.0114909410476685, -140.0)"
1,150,0.003057797672227025,0.006680682301521301,0.014696821570396423,0.0061761909164488316,7.236847886815667e-05,0.04417227581143379,0.08204906433820724,0.024683592841029167,0.5470573902130127,0.08425521850585938,0.0016707100439816713,1.096664547920227,36.0,1.0,36.0,0.999117387466902,"(1.0, 0.999117387466902, -1.096664547920227, -150.0)"
1,160,0.004585884977132082,0.007150236051529646,0.015929700806736946,0.005812445189803839,6.218237103894353e-05,0.04728665575385094,0.028710735961794853,0.023186950013041496,0.5260368585586548,0.07206355035305023,0.0011384790996089578,0.9856493473052979,36.0,1.0,36.0,0.9964695498676082,"(1.0, 0.9964695498676082, -0.9856493473052979, -160.0)"
1,170,0.0023699209559708834,0.008200325071811676,0.012081687338650227,0.005892923567444086,2.979158489324618e-05,0.040493521839380264,0.04243656247854233,0.024112951010465622,0.6182605624198914,0.059778377413749695,0.0015844553709030151,1.114289402961731,36.0,1.0,36.0,0.999117387466902,"(1.0, 0.999117387466902, -1.114289402961731, -170.0)"
1,180,0.0030262304935604334,0.006173127796500921,0.013469146564602852,0.004625741858035326,3.947405639337376e-05,0.03867429867386818,0.053669970482587814,0.02701304294168949,0.5848700404167175,0.08382976800203323,0.0010161716490983963,1.1261556148529053,36.0,1.0,36.0,0.9964695498676082,"(1.0, 0.9964695498676082, -1.1261556148529053, -180.0)"
1,190,0.0035775769501924515,0.005490921437740326,0.009968891739845276,0.003836262971162796,1.9052728021051735e-05,0.0317038856446743,0.057651106268167496,0.026135992258787155,0.5964517593383789,0.06440965831279755,0.0008353741141036153,1.1077017784118652,36.0,1.0,36.0,0.9973521624007061,"(1.0, 0.9973521624007061, -1.1077017784118652, -190.0)"
1,200,0.003676650347188115,0.0057452889159321785,0.008724752813577652,0.004091875161975622,2.470462459314149e-05,0.030705172568559647,0.04954497143626213,0.025761660188436508,0.6712965369224548,0.07043006271123886,0.0012259982759132981,1.2237244844436646,36.0,1.0,36.0,0.9982347749338041,"(1.0, 0.9982347749338041, -1.2237244844436646, -200.0)"
1,210,0.002956781070679426,0.005276843439787626,0.009509110823273659,0.003702017478644848,1.318456997978501e-05,0.029907917603850365,0.06217015162110329,0.025595558807253838,0.7162414193153381,0.07699035108089447,0.0014133121585473418,1.3168152570724487,36.0,1.0,36.0,0.9982347749338041,"(1.0, 0.9982347749338041, -1.3168152570724487, -210.0)"
1,220,0.002213414991274476,0.004979020915925503,0.007407612167298794,0.0031558219343423843,1.06774277810473e-05,0.02462083473801613,0.05347156524658203,0.025456493720412254,0.6642252206802368,0.06937811523675919,0.0009231528383679688,1.2144837379455566,36.0,1.0,36.0,0.9982347749338041,"(1.0, 0.9982347749338041, -1.2144837379455566, -220.0)"
1,230,0.002313390839844942,0.006545275449752808,0.006570400204509497,0.002935210708528757,1.0366557035013102e-05,0.024589871987700462,0.053798090666532516,0.024603795260190964,0.6893917322158813,0.07467649132013321,0.0007292403024621308,1.262207269668579,36.0,1.0,36.0,0.9964695498676082,"(1.0, 0.9964695498676082, -1.262207269668579, -230.0)"
1,240,0.003386320546269417,0.004359956365078688,0.0062277596443891525,0.002168359700590372,6.219398528628517e-06,0.02142774686217308,0.061841633170843124,0.02560877613723278,0.7277348637580872,0.0908949002623558,0.0009824245935305953,1.3613337278366089,36.0,1.0,36.0,0.9955869373345102,"(1.0, 0.9955869373345102, -1.3613337278366089, -240.0)"
1,250,0.0017635825788602233,0.004816443659365177,0.00558008486405015,0.0027929823845624924,1.1313224604236893e-05,0.020541775971651077,0.07507607340812683,0.025974228978157043,0.7887224555015564,0.09405488520860672,0.0010995487682521343,1.472793459892273,36.0,1.0,36.0,0.9964695498676082,"(1.0, 0.9964695498676082, -1.472793459892273, -250.0)"
1,260,0.001669819001108408,0.004172631539404392,0.005117594730108976,0.0023613933008164167,6.159744771139231e-06,0.018244707956910133,0.07144520431756973,0.024462610483169556,0.7836092114448547,0.08055996894836426,0.0008192108944058418,1.4328511953353882,36.0,1.0,36.0,0.9964695498676082,"(1.0, 0.9964695498676082, -1.4328511953353882, -260.0)"
1,270,0.0023393884766846895,0.0043696747161448,0.005475187208503485,0.0022628596052527428,4.925767825625371e-06,0.019450025632977486,0.047278981655836105,0.02618764340877533,0.7625102400779724,0.069575235247612,0.000770971120800823,1.356768012046814,36.0,1.0,36.0,0.9982347749338041,"(1.0, 0.9982347749338041, -1.356768012046814, -270.0)"
1,280,0.0025455234572291374,0.004469403997063637,0.004555168095976114,0.0019514765590429306,5.325230176822515e-06,0.017753293737769127,0.05367708206176758,0.025440113618969917,0.7698772549629211,0.0788441151380539,0.0004982687532901764,1.3918704986572266,36.0,1.0,36.0,0.9955869373345102,"(1.0, 0.9955869373345102, -1.3918704986572266, -280.0)"
1,290,0.001701924717053771,0.005076530389487743,0.00428006611764431,0.0017282735789194703,3.19811647386814e-06,0.016656700521707535,0.07536645978689194,0.025244733318686485,0.7691649198532104,0.07241621613502502,0.00045418893569149077,1.3994179964065552,36.0,1.0,36.0,0.9973521624007061,"(1.0, 0.9973521624007061, -1.3994179964065552, -290.0)"
1,300,0.0014689528616145253,0.0034648783039301634,0.004005359951406717,0.0018965868512168527,4.075523065694142e-06,0.01473708264529705,0.09068480879068375,0.02492840588092804,0.7914500832557678,0.08343010395765305,0.00041088249417953193,1.4698539972305298,36.0,1.0,36.0,0.9973521624007061,"(1.0, 0.9973521624007061, -1.4698539972305298, -300.0)"
2,10,0.22541263699531555,0.06586695462465286,0.5584067702293396,0.3977512717247009,0.34963393211364746,2.0992093086242676,0.20869538187980652,0.04815838113427162,0.6168922185897827,0.4266795814037323,0.32072433829307556,2.195913553237915,36.0,0.9722222222222222,35.0,0.9770520741394528,"(0.9722222222222222, 0.9770520741394528, -2.195913553237915, -10.0)"
2,20,0.11555963009595871,0.04065295308828354,0.31686943769454956,0.2116660177707672,0.14205941557884216,1.1258784532546997,0.10639599710702896,0.03086026944220066,0.4539111852645874,0.3227468729019165,0.18425610661506653,1.5557448863983154,36.0,1.0,36.0,0.9832303618711385,"(1.0, 0.9832303618711385, -1.5557448863983154, -20.0)"
2,30,0.05591355264186859,0.024847155436873436,0.19394321739673615,0.12124373763799667,0.043861761689186096,0.6360939145088196,0.06337768584489822,0.02198302373290062,0.33743181824684143,0.17133329808712006,0.04163080453872681,0.9549903869628906,36.0,1.0,36.0,0.9973521624007061,"(1.0, 0.9973521624007061, -0.9549903869628906, -30.0)"
2,40,0.026679404079914093,0.019084174185991287,0.10645730048418045,0.06636110693216324,0.004474314395338297,0.34040892124176025,0.04647097736597061,0.02447500266134739,0.16366659104824066,0.08476344496011734,0.010699395090341568,0.49132245779037476,36.0,1.0,36.0,1.0,"(1.0, 1.0, -0.49132245779037476, -40.0)"
2,50,0.017604602500796318,0.015303929336369038,0.08023838698863983,0.03423614054918289,0.0012149120448157191,0.22234585881233215,0.039035700261592865,0.025955358520150185,0.23808930814266205,0.10816507786512375,0.0035769992973655462,0.640243649482727,36.0,1.0,36.0,0.9964695498676082,"(1.0, 0.9964695498676082, -0.640243649482727, -50.0)"
2,60,0.012854352593421936,0.0122773302718997,0.06241839751601219,0.024071061983704567,0.0007745190523564816,0.1672886610031128,0.022800054401159286,0.027273036539554596,0.1875387579202652,0.044634316116571426,0.0017879445804283023,0.42154383659362793,36.0,1.0,36.0,1.0,"(1.0, 1.0, -0.42154383659362793, -60.0)"
2,70,0.009768946096301079,0.011868997476994991,0.040574394166469574,0.02138795703649521,0.00023684019106440246,0.12539386749267578,0.05369318276643753,0.0245978981256485,0.2523276209831238,0.10189066082239151,0.002193860011175275,0.6616607308387756,36.0,1.0,36.0,0.9982347749338041,"(1.0, 0.9982347749338041, -0.6616607308387756, -70.0)"
2,80,0.007247935514897108,0.01011535245925188,0.034426335245370865,0.014816549606621265,0.0002294414589414373,0.09875061362981796,0.0577801875770092,0.024190347641706467,0.34190836548805237,0.06896176189184189,0.0014737043529748917,0.733493447303772,36.0,1.0,36.0,1.0,"(1.0, 1.0, -0.733493447303772, -80.0)"
2,90,0.006459437310695648,0.009363513439893723,0.02702031098306179,0.014599685557186604,0.00012152605631854385,0.08561354875564575,0.05669035017490387,0.02516975998878479,0.38590008020401,0.07484627515077591,0.00164034403860569,0.8112229704856873,36.0,1.0,36.0,0.999117387466902,"(1.0, 0.999117387466902, -0.8112229704856873, -90.0)"
2,100,0.0056256456300616264,0.009229115210473537,0.023657847195863724,0.011345119215548038,9.078082803171128e-05,0.07307715713977814,0.07018192112445831,0.02518230862915516,0.42842280864715576,0.07811921089887619,0.0013165350537747145,0.8948951363563538,36.0,1.0,36.0,0.9982347749338041,"(1.0, 0.9982347749338041, -0.8948951363563538, -100.0)"
2,110,0.00708552822470665,0.007567760534584522,0.020477889105677605,0.01041908748447895,5.295403389027342e-05,0.0662347748875618,0.0436270572245121,0.0252666212618351,0.4651772379875183,0.058426547795534134,0.0011207963107153773,0.88407301902771,36.0,1.0,36.0,1.0,"(1.0, 1.0, -0.88407301902771, -110.0)"
2,120,0.004218162037432194,0.007671167608350515,0.019036369398236275,0.006798336748033762,5.3302679589251056e-05,0.054067205637693405,0.07592682540416718,0.024711869657039642,0.5134561061859131,0.07346750050783157,0.001193359843455255,1.0183545351028442,36.0,1.0,36.0,0.999117387466902,"(1.0, 0.999117387466902, -1.0183545351028442, -120.0)"
2,130,0.005075291730463505,0.006417072378098965,0.01759486459195614,0.00638293381780386,5.7003471738426015e-05,0.050679031759500504,0.08328831940889359,0.025253184139728546,0.5293009281158447,0.07448370009660721,0.0010475052986294031,1.0519840717315674,36.0,1.0,36.0,0.999117387466902,"(1.0, 0.999117387466902, -1.0519840717315674, -130.0)"
2,140,0.003935591317713261,0.006498538888990879,0.013003237545490265,0.00551982969045639,2.6374149456387386e-05,0.04099183529615402,0.040412966161966324,0.025534749031066895,0.5578693151473999,0.05349446088075638,0.0007003733771853149,1.0100908279418945,36.0,1.0,36.0,1.0,"(1.0, 1.0, -1.0100908279418945, -140.0)"
2,150,0.003104575676843524,0.006319073028862476,0.011449195444583893,0.0060896133072674274,2.6973120839102194e-05,0.038790155202150345,0.0828477144241333,0.023839453235268593,0.603714108467102,0.0609746016561985,0.000754253938794136,1.134584665298462,36.0,1.0,36.0,1.0,"(1.0, 1.0, -1.134584665298462, -150.0)"
2,160,0.0034692727494984865,0.005826850421726704,0.010739436373114586,0.004986890126019716,2.0835010218434036e-05,0.03538947179913521,0.07385727018117905,0.0246928371489048,0.5836690068244934,0.06370846182107925,0.0006682047969661653,1.1018047332763672,36.0,1.0,36.0,1.0,"(1.0, 1.0, -1.1018047332763672, -160.0)"
2,170,0.0035399089101701975,0.005923556629568338,0.010346396826207638,0.004767600446939468,2.6574116418487392e-05,0.034531548619270325,0.08627508580684662,0.02411946840584278,0.6591013073921204,0.073765829205513,0.0007720572757534683,1.2469642162322998,36.0,1.0,36.0,0.999117387466902,"(1.0, 0.999117387466902, -1.2469642162322998, -170.0)"
2,180,0.004610333126038313,0.004969773348420858,0.010040227323770523,0.004844051785767078,1.3951075743534602e-05,0.03433552384376526,0.02730482816696167,0.02403939515352249,0.6879855394363403,0.05068949982523918,0.0008919754181988537,1.1851476430892944,36.0,1.0,36.0,1.0,"(1.0, 1.0, -1.1851476430892944, -180.0)"
2,190,0.003228952409699559,0.005421309266239405,0.009966498240828514,0.0036364668048918247,1.109564800572116e-05,0.03087848797440529,0.07112955302000046,0.023978160694241524,0.7110915780067444,0.05210975185036659,0.0004996287752874196,1.2662144899368286,36.0,1.0,36.0,1.0,"(1.0, 1.0, -1.2662144899368286, -190.0)"
2,200,0.0029439416248351336,0.006103865802288055,0.007026834413409233,0.003589832689613104,9.247813068213873e-06,0.02677234634757042,0.08392377197742462,0.022886985912919044,0.7371324300765991,0.07953135669231415,0.0006621571374125779,1.3719031810760498,36.0,1.0,36.0,0.999117387466902,"(1.0, 0.999117387466902, -1.3719031810760498, -200.0)"
2,210,0.0022723700385540724,0.004398484248667955,0.006378874182701111,0.0032581326086074114,1.1284606443950906e-05,0.02276107296347618,0.07767536491155624,0.022428259253501892,0.6554564833641052,0.041746336966753006,0.0003751458425540477,1.1669684648513794,36.0,1.0,36.0,1.0,"(1.0, 1.0, -1.1669684648513794, -210.0)"
2,220,0.002553551457822323,0.004280565306544304,0.007004385814070702,0.0025639242958277464,5.491425326908939e-06,0.022471290081739426,0.08508522063493729,0.023312998935580254,0.710413932800293,0.06617448478937149,0.00044917568447999656,1.3065927028656006,36.0,1.0,36.0,0.999117387466902,"(1.0, 0.999117387466902, -1.3065927028656006, -220.0)"
2,230,0.00323857506737113,0.003726778319105506,0.006261431146413088,0.002799735637381673,6.057722202967852e-06,0.021959999576210976,0.06063324585556984,0.022828441113233566,0.7159814834594727,0.03994828090071678,0.0003030449151992798,1.237481951713562,36.0,1.0,36.0,1.0,"(1.0, 1.0, -1.237481951713562, -230.0)"
2,240,0.0022323427256196737,0.003715506987646222,0.005359518341720104,0.002285734983161092,4.327920123614604e-06,0.018560761585831642,0.06900559365749359,0.02201877161860466,0.7265366911888123,0.032515719532966614,0.0002849162556231022,1.246003270149231,36.0,1.0,36.0,1.0,"(1.0, 1.0, -1.246003270149231, -240.0)"
2,250,0.0029738403391093016,0.004610426723957062,0.005559924989938736,0.002812792779877782,7.269320576597238e-06,0.02155337482690811,0.03443315997719765,0.022750448435544968,0.7845208048820496,0.038523998111486435,0.00032306049251928926,1.3111742734909058,36.0,1.0,36.0,1.0,"(1.0, 1.0, -1.3111742734909058, -250.0)"
2,260,0.0022547519765794277,0.0038466325495392084,0.004667795263230801,0.0021147814113646746,3.3542269193276297e-06,0.017334315925836563,0.0534854456782341,0.02357945404946804,0.7982543110847473,0.02609388343989849,0.0003069426165893674,1.3267875909805298,36.0,1.0,36.0,1.0,"(1.0, 1.0, -1.3267875909805298, -260.0)"
2,270,0.00249299593269825,0.004080548882484436,0.004440724849700928,0.002109887544065714,3.637789632193744e-06,0.01745622791349888,0.08746540546417236,0.023259639739990234,0.8016448616981506,0.06602682918310165,0.00038040554500184953,1.4454362392425537,36.0,1.0,36.0,0.999117387466902,"(1.0, 0.999117387466902, -1.4454362392425537, -270.0)"
2,280,0.00259422673843801,0.0035769387613981962,0.0043757520616054535,0.0018071982776746154,3.3726591937011108e-06,0.016350874677300453,0.11576277017593384,0.02276434935629368,0.8722978234291077,0.11001916229724884,0.0007616433431394398,1.6673930883407593,36.0,1.0,36.0,0.999117387466902,"(1.0, 0.999117387466902, -1.6673930883407593, -280.0)"
2,290,0.0019044991349801421,0.003757513128221035,0.004268246237188578,0.002101639751344919,3.379833970029722e-06,0.016269350424408913,0.06742899864912033,0.022567953914403915,0.8248465657234192,0.034848444163799286,0.0002419950469629839,1.3970847129821777,36.0,1.0,36.0,1.0,"(1.0, 1.0, -1.3970847129821777, -290.0)"
2,300,0.0018670831341296434,0.003258304437622428,0.003627158934250474,0.0016273475484922528,2.1653486328432336e-06,0.013821904547512531,0.07610583305358887,0.022497287020087242,0.8448390364646912,0.055699318647384644,0.00022185682610142976,1.477371335029602,36.0,1.0,36.0,0.999117387466902,"(1.0, 0.999117387466902, -1.477371335029602, -300.0)"
3,10,0.16968604922294617,0.07116109877824783,0.6220698952674866,0.3720759451389313,0.35353127121925354,2.094869613647461,0.16236278414726257,0.046735018491744995,0.6422869563102722,0.37721899151802063,0.36703333258628845,2.110482931137085,36.0,1.0,36.0,0.9788172992056487,"(1.0, 0.9788172992056487, -2.110482931137085, -10.0)"
3,20,0.09623536467552185,0.03546644002199173,0.3604423403739929,0.1999444216489792,0.1953832060098648,1.1699458360671997,0.08968809247016907,0.02976549230515957,0.44896629452705383,0.30446919798851013,0.21088336408138275,1.507283091545105,36.0,1.0,36.0,0.9814651368049426,"(1.0, 0.9814651368049426, -1.507283091545105, -20.0)"
3,30,0.04041861370205879,0.021640021353960037,0.22106294333934784,0.12899723649024963,0.06521265208721161,0.6842538118362427,0.055579934269189835,0.022851847112178802,0.3411766290664673,0.19190479815006256,0.0719078928232193,1.0099602937698364,36.0,1.0,36.0,0.9920564872021183,"(1.0, 0.9920564872021183, -1.0099602937698364, -30.0)"
3,40,0.03070119209587574,0.01635119505226612,0.13245095312595367,0.06076609715819359,0.006275154184550047,0.370398610830307,0.09917884320020676,0.02362789213657379,0.26385998725891113,0.1602824181318283,0.01531977392733097,0.8468214273452759,36.0,1.0,36.0,0.9973521624007061,"(1.0, 0.9973521624007061, -0.8468214273452759, -40.0)"
3,50,0.015529443509876728,0.016056003049016,0.09354084730148315,0.043768510222435,0.0012810967164114118,0.26007428765296936,0.06187894195318222,0.021297430619597435,0.28168952465057373,0.09697506576776505,0.005231988616287708,0.7022767663002014,36.0,1.0,36.0,0.9964695498676082,"(1.0, 0.9964695498676082, -0.7022767663002014, -50.0)"
3,60,0.01756630651652813,0.013066587969660759,0.0678195133805275,0.024964360520243645,0.0012925472110509872,0.18293717503547668,0.06085110083222389,0.0238276906311512,0.23676352202892303,0.08852008730173111,0.0033622614573687315,0.618545413017273,36.0,1.0,36.0,0.9964695498676082,"(1.0, 0.9964695498676082, -0.618545413017273, -60.0)"
3,70,0.008971010334789753,0.0123013099655509,0.04926484823226929,0.01722036488354206,0.00026851228903979063,0.12974457442760468,0.07807635515928268,0.02511543780565262,0.34877434372901917,0.12182841449975967,0.0033752471208572388,0.8716977834701538,36.0,1.0,36.0,0.9964695498676082,"(1.0, 0.9964695498676082, -0.8716977834701538, -70.0)"
3,80,0.0075204744935035706,0.008791383355855942,0.03741101175546646,0.016407940536737442,0.00015903446183074266,0.10532377660274506,0.04188160225749016,0.0242995023727417,0.274082213640213,0.06649354100227356,0.0021055059041827917,0.6113442778587341,36.0,1.0,36.0,1.0,"(1.0, 1.0, -0.6113442778587341, -80.0)"
3,90,0.006639048457145691,0.009015260264277458,0.03256291151046753,0.01208894420415163,0.00013754588144365698,0.08874534070491791,0.10750634968280792,0.025437617674469948,0.4104820787906647,0.16628453135490417,0.004685402847826481,1.0835788249969482,36.0,1.0,36.0,0.9973521624007061,"(1.0, 0.9973521624007061, -1.0835788249969482, -90.0)"
3,100,0.004779069218784571,0.007011551409959793,0.02610517293214798,0.009666649624705315,0.00010201171971857548,0.07033269107341766,0.09459473192691803,0.023242518305778503,0.44307661056518555,0.12605774402618408,0.0028983105439692736,1.0360167026519775,36.0,1.0,36.0,0.9964695498676082,"(1.0, 0.9964695498676082, -1.0360167026519775, -100.0)"
3,110,0.004314857069402933,0.009135957807302475,0.0214004535228014,0.008960898965597153,4.4164338760310784e-05,0.06349537521600723,0.0479537658393383,0.022931484505534172,0.34622499346733093,0.06029364839196205,0.0012616601306945086,0.7114408612251282,36.0,1.0,36.0,1.0,"(1.0, 1.0, -0.7114408612251282, -110.0)"
3,120,0.005104433745145798,0.007322264835238457,0.01831926219165325,0.00855092890560627,8.334209996974096e-05,0.05704912170767784,0.09822391718626022,0.022119341418147087,0.5284075736999512,0.11941058933734894,0.0022665963042527437,1.1529091596603394,36.0,1.0,36.0,0.9964695498676082,"(1.0, 0.9964695498676082, -1.1529091596603394, -120.0)"
3,130,0.004832991398870945,0.005773498676717281,0.018286118283867836,0.007096682209521532,5.1800911023747176e-05,0.05225493386387825,0.12723709642887115,0.022508841007947922,0.5396514534950256,0.19627749919891357,0.0033465982414782047,1.3534514904022217,36.0,1.0,36.0,0.9955869373345102,"(1.0, 0.9955869373345102, -1.3534514904022217, -130.0)"
3,140,0.0039939130656421185,0.005848952103406191,0.015244273468852043,0.006320974323898554,4.604212517733686e-05,0.04537424445152283,0.12337490916252136,0.022229420021176338,0.61979740858078,0.1600286215543747,0.002421635203063488,1.3965685367584229,36.0,1.0,36.0,0.9964695498676082,"(1.0, 0.9964695498676082, -1.3965685367584229, -140.0)"
3,150,0.0040558865293860435,0.006318059749901295,0.013877184130251408,0.006278106477111578,3.780237238970585e-05,0.043764837086200714,0.12743748724460602,0.02269604615867138,0.6633139252662659,0.15541619062423706,0.0019146669656038284,1.4568941593170166,36.0,1.0,36.0,0.9947043248014121,"(1.0, 0.9947043248014121, -1.4568941593170166, -150.0)"
3,160,0.0038218118716031313,0.007855908945202827,0.012042028829455376,0.004399293102324009,1.8565129721537232e-05,0.038548633456230164,0.10781517624855042,0.022489212453365326,0.4927337169647217,0.09494459629058838,0.0007637511007487774,1.0596760511398315,36.0,1.0,36.0,0.9964695498676082,"(1.0, 0.9964695498676082, -1.0596760511398315, -160.0)"
3,170,0.0028028334490954876,0.005993197206407785,0.01039486937224865,0.0039317188784480095,1.8211623682873324e-05,0.03226087987422943,0.12915688753128052,0.019917400553822517,0.6492789387702942,0.14729103446006775,0.0010257918620482087,1.4180877208709717,36.0,1.0,36.0,0.9947043248014121,"(1.0, 0.9947043248014121, -1.4180877208709717, -170.0)"
3,180,0.0022978028282523155,0.005814663600176573,0.009174639359116554,0.003581108059734106,1.4204380022420082e-05,0.029043743386864662,0.14315307140350342,0.021343477070331573,0.7815378308296204,0.20636668801307678,0.0023047737777233124,1.750689148902893,36.0,1.0,36.0,0.9955869373345102,"(1.0, 0.9955869373345102, -1.750689148902893, -180.0)"
3,190,0.002642284380272031,0.005776668433099985,0.009284570813179016,0.003688884899020195,1.4767178072361276e-05,0.029730962589383125,0.03446485102176666,0.021255532279610634,0.6507921814918518,0.12730766832828522,0.0017887864960357547,1.2874183654785156,36.0,1.0,36.0,0.9955869373345102,"(1.0, 0.9955869373345102, -1.2874183654785156, -190.0)"
3,200,0.002986190840601921,0.0049278526566922665,0.008906436152756214,0.003945167176425457,1.1805572285084054e-05,0.02916993573307991,0.061884090304374695,0.01991431787610054,0.6121046543121338,0.09135480970144272,0.0009790736949071288,1.183154582977295,36.0,1.0,36.0,0.9947043248014121,"(1.0, 0.9947043248014121, -1.183154582977295, -200.0)"
3,210,0.002797148423269391,0.00548081798478961,0.008516311645507812,0.002958576660603285,1.8840552002075128e-05,0.026979008689522743,0.11707137525081635,0.020699478685855865,0.7148318886756897,0.135547935962677,0.0009223349625244737,1.481575846672058,36.0,1.0,36.0,0.9947043248014121,"(1.0, 0.9947043248014121, -1.481575846672058, -210.0)"
3,220,0.002827777061611414,0.005433838814496994,0.007443334441632032,0.0025495896115899086,1.1034552699129563e-05,0.02453131414949894,0.12091817706823349,0.02039896324276924,0.7329926490783691,0.12776242196559906,0.0008187899366021156,1.4967403411865234,36.0,1.0,36.0,0.9947043248014121,"(1.0, 0.9947043248014121, -1.4967403411865234, -220.0)"
3,230,0.005097456742078066,0.0053250957280397415,0.008154748938977718,0.0028031368274241686,1.5657478797947988e-05,0.028268776834011078,0.09269389510154724,0.021348388865590096,0.6867475509643555,0.05980227515101433,0.0006078942678868771,1.2640721797943115,36.0,1.0,36.0,0.9973521624007061,"(1.0, 0.9973521624007061, -1.2640721797943115, -230.0)"
3,240,0.0031099594198167324,0.004829784855246544,0.006375826895236969,0.0020530836191028357,6.833648512838408e-06,0.021613068878650665,0.05800808221101761,0.020213184878230095,0.6826945543289185,0.07056496292352676,0.0005046306177973747,1.2436455488204956,36.0,1.0,36.0,0.9947043248014121,"(1.0, 0.9947043248014121, -1.2436455488204956, -240.0)"
3,250,0.002188053447753191,0.005238900426775217,0.00627024844288826,0.0022113900631666183,7.597051990160253e-06,0.021258903667330742,0.09526097774505615,0.0195576474070549,0.7666860818862915,0.08816666156053543,0.0007849563844501972,1.4415735006332397,36.0,1.0,36.0,0.9955869373345102,"(1.0, 0.9955869373345102, -1.4415735006332397, -250.0)"
3,260,0.0023583881556987762,0.004328826442360878,0.005907344166189432,0.0019645392894744873,9.165978553937748e-06,0.01948189176619053,0.1145075336098671,0.01977655291557312,0.8378148078918457,0.08901926130056381,0.0007151375757530332,1.5694023370742798,36.0,1.0,36.0,0.9964695498676082,"(1.0, 0.9964695498676082, -1.5694023370742798, -260.0)"
3,270,0.0024088462814688683,0.005354241002351046,0.0057577225379645824,0.0020054832566529512,5.06783999298932e-06,0.020413169637322426,0.12015628814697266,0.018769247457385063,0.8170160055160522,0.10818160325288773,0.0005010372260585427,1.5810632705688477,36.0,1.0,36.0,0.9947043248014121,"(1.0, 0.9947043248014121, -1.5810632705688477, -270.0)"
3,280,0.00174948968924582,0.004321878310292959,0.0042702555656433105,0.0016608154401183128,4.6865088734193705e-06,0.015800725668668747,0.12554419040679932,0.020659497007727623,0.8923214077949524,0.128586545586586,0.000742704258300364,1.7422301769256592,36.0,1.0,36.0,0.9947043248014121,"(1.0, 0.9947043248014121, -1.7422301769256592, -280.0)"
3,290,0.0019213436171412468,0.004665974527597427,0.004653871525079012,0.0015788866439834237,2.5697765977383824e-06,0.016727184876799583,0.12721043825149536,0.02025981992483139,0.8565897941589355,0.09952722489833832,0.0004743316676467657,1.6316465139389038,36.0,1.0,36.0,0.9964695498676082,"(1.0, 0.9964695498676082, -1.6316465139389038, -290.0)"
3,300,0.0027770712040364742,0.0038964138366281986,0.0036761115770787,0.0014494606293737888,2.0829086224694038e-06,0.015087614767253399,0.11991714686155319,0.020491264760494232,0.905760645866394,0.10663974285125732,0.0005466988659463823,1.712602138519287,36.0,1.0,36.0,0.9964695498676082,"(1.0, 0.9964695498676082, -1.712602138519287, -300.0)"
4,10,0.18290774524211884,0.07049490511417389,0.583816409111023,0.35734429955482483,0.258602112531662,1.9731168746948242,0.18169286847114563,0.05824505165219307,0.6409292221069336,0.44656819105148315,0.2698372006416321,2.229386806488037,36.0,1.0,36.0,0.9735216240070609,"(1.0, 0.9735216240070609, -2.229386806488037, -10.0)"
4,20,0.09461908042430878,0.04692140594124794,0.3487541675567627,0.19547364115715027,0.100632444024086,1.1059352159500122,0.0962904617190361,0.04620102420449257,0.4739575982093811,0.30969128012657166,0.13908402621746063,1.542352557182312,36.0,1.0,36.0,0.9841129744042365,"(1.0, 0.9841129744042365, -1.542352557182312, -20.0)"
4,30,0.0437120720744133,0.031212827190756798,0.20161959528923035,0.10559721291065216,0.027973802760243416,0.6025355458259583,0.05107935890555382,0.03511784225702286,0.2887909412384033,0.12531058490276337,0.019738005474209785,0.7798737287521362,36.0,1.0,36.0,0.9982347749338041,"(1.0, 0.9982347749338041, -0.7798737287521362, -30.0)"
4,40,0.02083379589021206,0.02183646708726883,0.12647250294685364,0.04311314970254898,0.0027114548720419407,0.3199610412120819,0.02672461047768593,0.028661487624049187,0.21175025403499603,0.07218512892723083,0.004687124863266945,0.5197252631187439,36.0,1.0,36.0,1.0,"(1.0, 1.0, -0.5197252631187439, -40.0)"
4,50,0.013494626618921757,0.019741393625736237,0.08839086443185806,0.030889874324202538,0.0013134011533111334,0.22825877368450165,0.058419667184352875,0.027438625693321228,0.29273492097854614,0.11024291813373566,0.003777959616854787,0.7473355531692505,36.0,1.0,36.0,0.9964695498676082,"(1.0, 0.9964695498676082, -0.7473355531692505, -50.0)"
4,60,0.009482269175350666,0.013382556848227978,0.06477615982294083,0.018073445186018944,0.0003675506159197539,0.1563597321510315,0.0329476073384285,0.02979140728712082,0.17898903787136078,0.08582279086112976,0.0013924289960414171,0.5035644173622131,36.0,1.0,36.0,0.9982347749338041,"(1.0, 0.9982347749338041, -0.5035644173622131, -60.0)"
4,70,0.007967806421220303,0.013126290403306484,0.05289467051625252,0.017189456149935722,0.0002633485710248351,0.13494670391082764,0.03280189260840416,0.025969745591282845,0.2485097050666809,0.07020559906959534,0.0013909307308495045,0.5726428627967834,36.0,1.0,36.0,0.9982347749338041,"(1.0, 0.9982347749338041, -0.5726428627967834, -70.0)"
4,80,0.008260665461421013,0.011310668662190437,0.04105851799249649,0.012847566045820713,0.000159456321853213,0.10693397372961044,0.025382982566952705,0.02521544136106968,0.318111389875412,0.07709668576717377,0.0015115359565243125,0.6827147006988525,36.0,1.0,36.0,0.9982347749338041,"(1.0, 0.9982347749338041, -0.6827147006988525, -80.0)"
4,90,0.005888769868761301,0.008783434517681599,0.030094794929027557,0.011152987368404865,9.781192784430459e-05,0.08216927945613861,0.07003950327634811,0.02479706145823002,0.3417629897594452,0.07338882237672806,0.0017713907873257995,0.7551443576812744,36.0,1.0,36.0,0.9982347749338041,"(1.0, 0.9982347749338041, -0.7551443576812744, -90.0)"
4,100,0.0050421482883393764,0.00912325270473957,0.028156854212284088,0.008762836456298828,9.85160659183748e-05,0.07397561520338058,0.08598695695400238,0.024783631786704063,0.39568188786506653,0.11604221910238266,0.0023916768841445446,0.9375737309455872,36.0,1.0,36.0,0.9982347749338041,"(1.0, 0.9982347749338041, -0.9375737309455872, -100.0)"
4,110,0.004650063347071409,0.008355938829481602,0.02202453278005123,0.008247445337474346,5.127866461407393e-05,0.06256332993507385,0.07445964217185974,0.02552536502480507,0.42945584654808044,0.08369376510381699,0.001213196897879243,0.9121628999710083,36.0,1.0,36.0,0.9964695498676082,"(1.0, 0.9964695498676082, -0.9121628999710083, -110.0)"
4,120,0.0038348182570189238,0.008823654614388943,0.01792539842426777,0.0074731470085680485,4.627157613867894e-05,0.05451599881052971,0.03381447494029999,0.02394651621580124,0.41932782530784607,0.057544492185115814,0.0008258722955361009,0.8022546768188477,36.0,1.0,36.0,1.0,"(1.0, 1.0, -0.8022546768188477, -120.0)"
4,130,0.003101157722994685,0.009804044850170612,0.01520563568919897,0.00650281086564064,3.213081072317436e-05,0.048735346645116806,0.04849478602409363,0.024222636595368385,0.5067244172096252,0.08419986814260483,0.0012317601358518004,1.0018196105957031,36.0,1.0,36.0,0.9982347749338041,"(1.0, 0.9982347749338041, -1.0018196105957031, -130.0)"
4,140,0.0032420684583485126,0.006499892100691795,0.01539515145123005,0.005033972207456827,2.4719647626625374e-05,0.042914990335702896,0.04783356934785843,0.02307119593024254,0.5068442821502686,0.05804447829723358,0.0008488925523124635,0.9476845860481262,36.0,1.0,36.0,0.999117387466902,"(1.0, 0.999117387466902, -0.9476845860481262, -140.0)"
4,150,0.0025657941587269306,0.00646193278953433,0.012198229320347309,0.005293326918035746,1.9659581084852107e-05,0.03792155534029007,0.0462820790708065,0.022899571806192398,0.5740496516227722,0.06772396713495255,0.0010829813545569777,1.0662455558776855,36.0,1.0,36.0,0.9982347749338041,"(1.0, 0.9982347749338041, -1.0662455558776855, -150.0)"
4,160,0.0031089610420167446,0.0052328770980238914,0.011055921204388142,0.004543846473097801,1.8885448298533447e-05,0.03402285650372505,0.0423700325191021,0.022948088124394417,0.5185933113098145,0.06352714449167252,0.000561188324354589,0.9705429673194885,36.0,1.0,36.0,0.999117387466902,"(1.0, 0.999117387466902, -0.9705429673194885, -160.0)"
4,170,0.00272955815307796,0.005406992044299841,0.010369664989411831,0.004144594538956881,1.4603873751184437e-05,0.03198753669857979,0.06075172871351242,0.022256989032030106,0.580450713634491,0.07141051441431046,0.0006924073677510023,1.0968519449234009,36.0,1.0,36.0,0.9973521624007061,"(1.0, 0.9973521624007061, -1.0968519449234009, -170.0)"
4,180,0.0053082718513906,0.005019597243517637,0.010925866663455963,0.0038391645066440105,1.1996131433988921e-05,0.03440099582076073,0.056143492460250854,0.020785333588719368,0.645872175693512,0.0864318236708641,0.0009229743154719472,1.2190622091293335,36.0,1.0,36.0,0.9964695498676082,"(1.0, 0.9964695498676082, -1.2190622091293335, -180.0)"
4,190,0.002113696886226535,0.005211586132645607,0.00915638916194439,0.0028881600592285395,8.400391379836947e-06,0.026840386912226677,0.038034677505493164,0.02183578908443451,0.6393973231315613,0.08117815852165222,0.0008848804864101112,1.1817651987075806,36.0,1.0,36.0,0.9973521624007061,"(1.0, 0.9973521624007061, -1.1817651987075806, -190.0)"
4,200,0.0032954842317849398,0.0062309689819812775,0.007891585119068623,0.0030090808868408203,6.980779744480969e-06,0.02738548442721367,0.043636173009872437,0.02257569320499897,0.7472203969955444,0.10610520094633102,0.0013562407111749053,1.3999308347702026,36.0,1.0,36.0,0.9964695498676082,"(1.0, 0.9964695498676082, -1.3999308347702026, -200.0)"
4,210,0.002404764760285616,0.005865025799721479,0.00735904136672616,0.002911034505814314,6.954646778467577e-06,0.025133898481726646,0.047364600002765656,0.02234426885843277,0.6637285351753235,0.07674109190702438,0.0007278332486748695,1.219147801399231,36.0,1.0,36.0,0.9973521624007061,"(1.0, 0.9973521624007061, -1.219147801399231, -210.0)"
4,220,0.0017863669199869037,0.004388356581330299,0.00708481390029192,0.0023261660244315863,5.9738304116763175e-06,0.021457266062498093,0.07155999541282654,0.020644141361117363,0.748973548412323,0.07080411165952682,0.0009947327198460698,1.3577699661254883,36.0,1.0,36.0,0.999117387466902,"(1.0, 0.999117387466902, -1.3577699661254883, -220.0)"
4,230,0.002400456229224801,0.005288769491016865,0.007489391136914492,0.002190792001783848,4.1491953197692055e-06,0.023306971415877342,0.05632593855261803,0.021269414573907852,0.7055935263633728,0.06634718179702759,0.0005523425643332303,1.268956184387207,36.0,1.0,36.0,0.9982347749338041,"(1.0, 0.9982347749338041, -1.268956184387207, -230.0)"
4,240,0.002050967887043953,0.004457064904272556,0.005945878103375435,0.002182379364967346,4.366305802250281e-06,0.019793791696429253,0.07866120338439941,0.021587301045656204,0.7204993367195129,0.06079825386404991,0.0006309722666628659,1.3029093742370605,36.0,1.0,36.0,0.999117387466902,"(1.0, 0.999117387466902, -1.3029093742370605, -240.0)"
4,250,0.0018875955138355494,0.004197999369353056,0.0051804096437990665,0.0023644340690225363,4.08081587011111e-06,0.01858711801469326,0.05749427527189255,0.022553935647010803,0.8125616312026978,0.1051943227648735,0.0010657401289790869,1.5098122358322144,36.0,1.0,36.0,0.9964695498676082,"(1.0, 0.9964695498676082, -1.5098122358322144, -250.0)"
4,260,0.0018815608927980065,0.004688081797212362,0.00532407546415925,0.0019816637504845858,3.043704282390536e-06,0.018520604819059372,0.04153208062052727,0.020765015855431557,0.7846155762672424,0.10099688917398453,0.0011068274034187198,1.441767692565918,36.0,1.0,36.0,0.9973521624007061,"(1.0, 0.9973521624007061, -1.441767692565918, -260.0)"
4,270,0.003075894434005022,0.004717248026281595,0.005669080186635256,0.0020464241970330477,4.527869350567926e-06,0.02039187401533127,0.05848090350627899,0.020975975319743156,0.8286992311477661,0.10146283358335495,0.0010212300112470984,1.525942087173462,36.0,1.0,36.0,0.9964695498676082,"(1.0, 0.9964695498676082, -1.525942087173462, -270.0)"
4,280,0.0017801354406401515,0.003897333052009344,0.004595904145389795,0.0015919789439067245,1.9055886468777317e-06,0.015756236389279366,0.03939618170261383,0.019738679751753807,0.8201366066932678,0.10804516077041626,0.001055744825862348,1.5059579610824585,36.0,1.0,36.0,0.9964695498676082,"(1.0, 0.9964695498676082, -1.5059579610824585, -280.0)"
4,290,0.0018350991886109114,0.004309020470827818,0.00446090754121542,0.0015982596669346094,2.301861059095245e-06,0.016033150255680084,0.08215319365262985,0.021446023136377335,0.8671634793281555,0.12147131562232971,0.0010257632238790393,1.6477999687194824,36.0,1.0,36.0,0.9964695498676082,"(1.0, 0.9964695498676082, -1.6477999687194824, -290.0)"
4,300,0.0016021155752241611,0.004507697653025389,0.0035143611021339893,0.0014179886784404516,1.7738725546223577e-06,0.014218218624591827,0.05029778927564621,0.01931014284491539,0.790788471698761,0.11317987740039825,0.0006961712497286499,1.4824985265731812,36.0,1.0,36.0,0.9964695498676082,"(1.0, 0.9964695498676082, -1.4824985265731812, -300.0)"
