map,slip,method,method_group,target_count,n_states,n_abstract_states,state_compression_ratio,normalized_start_gap,normalized_policy_start_gap,homogeneity_error,time_q1_sec,time_median_sec,time_q3_sec,total_speedup_median,representation_scope
corridor_32,0.0,epsilon_homogeneous,abstraction:model_minimization,12,32,2,16.0,0.19892775034186874,0.0,1.0,2.6584584929514676,2.6811704140855,2.6863158121705055,0.0006692998770639811,full_action_abstract_mdp
corridor_32,0.0,epsilon_homogeneous,abstraction:model_minimization,2,32,2,16.0,0.19892775034186874,0.0,1.0,2.5759447909658775,2.625173275009729,2.6709987679496408,0.0006780732145173794,full_action_abstract_mdp
corridor_32,0.0,epsilon_homogeneous,abstraction:model_minimization,4,32,2,16.0,0.19892775034186874,0.0,1.0,2.6405762950889766,2.661365188891068,2.6673570839921013,0.0006768028888883699,full_action_abstract_mdp
corridor_32,0.0,epsilon_homogeneous,abstraction:model_minimization,7,32,2,16.0,0.19892775034186874,0.0,1.0,2.6203815350309014,2.6431835929397494,2.6638312899740413,0.0006729330091059467,full_action_abstract_mdp
corridor_32,0.0,exact_model_minimization,abstraction:model_minimization,2,32,32,1.0,0.0,0.0,0.0,0.05584952491335571,0.057334747980348766,0.05749686306808144,0.0319196196907665,full_action_abstract_mdp
corridor_32,0.0,policy_kron_oracle,reduction:policy_kron_oracle,12,32,12,2.6666666666666665,0.0,0.0,nan,0.07654522801749408,0.07678559795022011,0.09404962696135044,0.02360617051678255,fixed_optimal_policy_only
corridor_32,0.0,policy_kron_oracle,reduction:policy_kron_oracle,2,32,2,16.0,0.0,0.0,nan,0.08061940711922944,0.089492151979357,0.0898622169625014,0.019965303058414662,fixed_optimal_policy_only
corridor_32,0.0,policy_kron_oracle,reduction:policy_kron_oracle,4,32,4,8.0,0.0,0.0,nan,0.08537645998876542,0.09824193106032908,0.10803965688683093,0.01850652856592289,fixed_optimal_policy_only
corridor_32,0.0,policy_kron_oracle,reduction:policy_kron_oracle,7,32,7,4.571428571428571,0.0,0.0,nan,0.08106895186938345,0.08125474501866847,0.08372162200976163,0.024470894235354406,fixed_optimal_policy_only
corridor_32,0.0,qstar_oracle_aggregation,abstraction:qstar_oracle,12,32,12,2.6666666666666665,0.01968793416284253,0.0,1.0,0.0058336720103397965,0.005859196069650352,0.005904425051994622,0.3061433740926977,full_action_abstract_mdp
corridor_32,0.0,qstar_oracle_aggregation,abstraction:qstar_oracle,2,32,2,16.0,0.19892775034186874,0.0,1.0,0.008224449935369194,0.008321190136484802,0.008394954958930612,0.21604928958260744,full_action_abstract_mdp
corridor_32,0.0,qstar_oracle_aggregation,abstraction:qstar_oracle,4,32,4,8.0,0.07811026065830266,0.0,1.0,0.006461659097112715,0.006510446080937982,0.006682486040517688,0.27639449969659613,full_action_abstract_mdp
corridor_32,0.0,qstar_oracle_aggregation,abstraction:qstar_oracle,7,32,7,4.571428571428571,0.039846313224734246,0.0,1.0,0.005974770989269018,0.006042752997018397,0.006067814072594047,0.2976608502927349,full_action_abstract_mdp
corridor_32,0.05,epsilon_homogeneous,abstraction:model_minimization,12,32,2,16.0,0.20971548455763472,9.875230869868249e-13,0.95,2.724941521883011,2.7288175501162186,2.7775345670524985,0.0020244145929711284,full_action_abstract_mdp
corridor_32,0.05,epsilon_homogeneous,abstraction:model_minimization,2,32,2,16.0,0.20971548455763472,9.875230869868249e-13,0.95,2.62827661994379,2.6716260449029505,2.6938490230822936,0.0023861830699015802,full_action_abstract_mdp
corridor_32,0.05,epsilon_homogeneous,abstraction:model_minimization,4,32,2,16.0,0.20971548455763472,9.875230869868249e-13,0.95,2.6859336409252137,2.700927915982902,2.806597154936753,0.0021536902015981923,full_action_abstract_mdp
corridor_32,0.05,epsilon_homogeneous,abstraction:model_minimization,7,32,2,16.0,0.20971548455763472,9.875230869868249e-13,0.95,2.7633589280303568,2.7732302009826526,2.7905153159517795,0.0020186403056031864,full_action_abstract_mdp
corridor_32,0.05,exact_model_minimization,abstraction:model_minimization,2,32,32,1.0,0.0,9.875230869868249e-13,0.0,0.06049483804963529,0.060623064055107534,0.06722977792378515,0.049117737696918344,full_action_abstract_mdp
corridor_32,0.05,policy_kron_oracle,reduction:policy_kron_oracle,12,32,12,2.6666666666666665,9.868523292439233e-13,0.0,nan,0.007011958980001509,0.007309051929041743,0.007822334882803261,0.7075764413504922,fixed_optimal_policy_only
corridor_32,0.05,policy_kron_oracle,reduction:policy_kron_oracle,2,32,2,16.0,9.873553975510994e-13,0.0,nan,0.006207866012118757,0.006394933094270527,0.007263584993779659,0.8603626134168632,fixed_optimal_policy_only
corridor_32,0.05,policy_kron_oracle,reduction:policy_kron_oracle,4,32,4,8.0,9.871877081153741e-13,0.0,nan,0.007645384990610182,0.00788541289512068,0.008148559019900858,0.7341239871709102,fixed_optimal_policy_only
corridor_32,0.05,policy_kron_oracle,reduction:policy_kron_oracle,7,32,7,4.571428571428571,9.870200186796486e-13,0.0,nan,0.004803046933375299,0.007949112798087299,0.008113029995001853,0.7303346974289509,fixed_optimal_policy_only
corridor_32,0.05,qstar_oracle_aggregation,abstraction:qstar_oracle,12,32,12,2.6666666666666665,0.02076299539626928,9.875230869868249e-13,0.95,0.009071015985682607,0.010306426789611578,0.011811342090368271,0.43271952918028367,full_action_abstract_mdp
corridor_32,0.05,qstar_oracle_aggregation,abstraction:qstar_oracle,2,32,2,16.0,0.20971548455763472,9.875230869868249e-13,0.95,0.012507931096479297,0.01262677798513323,0.012655642000027001,0.4666356736654185,full_action_abstract_mdp
corridor_32,0.05,qstar_oracle_aggregation,abstraction:qstar_oracle,4,32,4,8.0,0.08343938088631615,9.875230869868249e-13,0.95,0.011335097020491958,0.01160663110204041,0.012106917914934456,0.551358046281899,full_action_abstract_mdp
corridor_32,0.05,qstar_oracle_aggregation,abstraction:qstar_oracle,7,32,7,4.571428571428571,0.040638747917361516,9.875230869868249e-13,0.95,0.010214600944891572,0.010461199097335339,0.010925150942057371,0.569512110367541,full_action_abstract_mdp
corridor_32,0.1,epsilon_homogeneous,abstraction:model_minimization,12,32,2,16.0,0.22067075367742325,3.309552744645334e-12,0.9,2.6841944119660184,2.775775255053304,2.8291449450189248,0.0013295002226644133,full_action_abstract_mdp
corridor_32,0.1,epsilon_homogeneous,abstraction:model_minimization,2,32,2,16.0,0.22067075367742325,3.309552744645334e-12,0.9,2.7273543450282887,2.7477181501453742,2.7676109190797433,0.002447772184284293,full_action_abstract_mdp
corridor_32,0.1,epsilon_homogeneous,abstraction:model_minimization,4,32,2,16.0,0.22067075367742325,3.309552744645334e-12,0.9,2.698259479016997,2.7130880559561774,2.7504974579205737,0.0013123415068818237,full_action_abstract_mdp
corridor_32,0.1,epsilon_homogeneous,abstraction:model_minimization,7,32,2,16.0,0.22067075367742325,3.309552744645334e-12,0.9,2.754235473112203,2.766369763063267,2.7781213220441714,0.001360316142086805,full_action_abstract_mdp
corridor_32,0.1,exact_model_minimization,abstraction:model_minimization,2,32,32,1.0,3.220662460729208e-16,3.309552744645334e-12,0.0,0.06094975199084729,0.06108479213435203,0.061206186073832214,0.0633639066068024,full_action_abstract_mdp
corridor_32,0.1,policy_kron_oracle,reduction:policy_kron_oracle,12,32,12,2.6666666666666665,3.308747579030152e-12,0.0,nan,0.0053815459832549095,0.005428423988632858,0.00545410206541419,0.6424078272509256,fixed_optimal_policy_only
corridor_32,0.1,policy_kron_oracle,reduction:policy_kron_oracle,2,32,2,16.0,3.3097137777683706e-12,0.0,nan,0.004209534032270312,0.00430365011561662,0.007337066112086177,0.8306035942521744,fixed_optimal_policy_only
corridor_32,0.1,policy_kron_oracle,reduction:policy_kron_oracle,4,32,4,8.0,3.3097137777683706e-12,0.0,nan,0.005451866891235113,0.005703048896975815,0.007797479862347245,0.6613631617672759,fixed_optimal_policy_only
corridor_32,0.1,policy_kron_oracle,reduction:policy_kron_oracle,7,32,7,4.571428571428571,3.3097137777683706e-12,0.0,nan,0.005279010976664722,0.0053553980542346835,0.00568433606531471,0.6674541830359523,fixed_optimal_policy_only
corridor_32,0.1,qstar_oracle_aggregation,abstraction:qstar_oracle,12,32,12,2.6666666666666665,0.021939357140949235,3.309552744645334e-12,0.9,0.007784623885527253,0.007844315026886761,0.007925762911327183,0.4492106480377201,full_action_abstract_mdp
corridor_32,0.1,qstar_oracle_aggregation,abstraction:qstar_oracle,2,32,2,16.0,0.22067075367742325,3.309552744645334e-12,0.9,0.010469576925970614,0.01050319499336183,0.010757629992440343,0.3457460339001596,full_action_abstract_mdp
corridor_32,0.1,qstar_oracle_aggregation,abstraction:qstar_oracle,4,32,4,8.0,0.0890437519881713,3.309552744645334e-12,0.9,0.008844233117997646,0.009011887945234776,0.009209366980940104,0.39613429972527553,full_action_abstract_mdp
corridor_32,0.1,qstar_oracle_aggregation,abstraction:qstar_oracle,7,32,7,4.571428571428571,0.043499543962399335,3.309552744645334e-12,0.9,0.007898543030023575,0.008101509069092572,0.011501856031827629,0.43785721040311776,full_action_abstract_mdp
corridor_64,0.0,epsilon_homogeneous,abstraction:model_minimization,13,64,2,32.0,0.22549085220660856,0.0,1.0,16.815674406010658,16.824337114114314,17.234871992026456,0.00020601500965738978,full_action_abstract_mdp
corridor_64,0.0,epsilon_homogeneous,abstraction:model_minimization,23,64,2,32.0,0.22549085220660856,0.0,1.0,17.023639508057386,17.0253864149563,17.21164608595427,0.00020307016208458031,full_action_abstract_mdp
corridor_64,0.0,epsilon_homogeneous,abstraction:model_minimization,4,64,2,32.0,0.22549085220660856,0.0,1.0,17.049200625973754,17.061114940792322,17.141111572971568,0.00019392833440452274,full_action_abstract_mdp
corridor_64,0.0,epsilon_homogeneous,abstraction:model_minimization,7,64,2,32.0,0.22549085220660856,0.0,1.0,16.95593888591975,17.067613278981298,17.193581705912948,0.00020303489273843585,full_action_abstract_mdp
corridor_64,0.0,exact_model_minimization,abstraction:model_minimization,4,64,64,1.0,0.0,0.0,0.0,0.37020052201114595,0.3870040848851204,0.43342875805683434,0.008839703133762086,full_action_abstract_mdp
corridor_64,0.0,policy_kron_oracle,reduction:policy_kron_oracle,13,64,13,4.923076923076923,3.747429732277204e-16,0.0,nan,0.008061419008299708,0.008090708055533469,0.00820318004116416,0.4103537085819491,fixed_optimal_policy_only
corridor_64,0.0,policy_kron_oracle,reduction:policy_kron_oracle,23,64,23,2.782608695652174,3.747429732277204e-16,0.0,nan,0.010589450132101774,0.010703464969992638,0.010739866062067449,0.31129001206692625,fixed_optimal_policy_only
corridor_64,0.0,policy_kron_oracle,reduction:policy_kron_oracle,4,64,4,16.0,3.747429732277204e-16,0.0,nan,0.007019335986115038,0.0071928370743989944,0.007736066938377917,0.46030071537241446,fixed_optimal_policy_only
corridor_64,0.0,policy_kron_oracle,reduction:policy_kron_oracle,7,64,7,9.142857142857142,2.498286488184803e-16,0.0,nan,0.0071056680753827095,0.007319131982512772,0.00767257297411561,0.4559752438589798,fixed_optimal_policy_only
corridor_64,0.0,qstar_oracle_aggregation,abstraction:qstar_oracle,13,64,13,4.923076923076923,0.02436705646162566,0.0,1.0,0.009457228938117623,0.009635239955969155,0.009744712966494262,0.3566579555846482,full_action_abstract_mdp
corridor_64,0.0,qstar_oracle_aggregation,abstraction:qstar_oracle,23,64,23,2.782608695652174,0.013582541057663006,0.0,1.0,0.010143897728994489,0.010195951908826828,0.010350350989028811,0.3272596378379403,full_action_abstract_mdp
corridor_64,0.0,qstar_oracle_aggregation,abstraction:qstar_oracle,4,64,4,16.0,0.09787276396845997,0.0,1.0,0.011078677955083549,0.011094869114458561,0.011283399071544409,0.3214365834030169,full_action_abstract_mdp
corridor_64,0.0,qstar_oracle_aggregation,abstraction:qstar_oracle,7,64,7,9.142857142857142,0.0480324682702246,0.0,1.0,0.009939931915141642,0.010022302041761577,0.010038053966127336,0.33418679387958067,full_action_abstract_mdp
corridor_64,0.05,epsilon_homogeneous,abstraction:model_minimization,13,64,2,32.0,0.22866978478699387,1.1618964075164356e-12,0.95,16.71899360406678,16.961282960954122,17.004792536143214,0.00029770673460392507,full_action_abstract_mdp
corridor_64,0.05,epsilon_homogeneous,abstraction:model_minimization,23,64,2,32.0,0.22866978478699387,1.1618964075164356e-12,0.95,17.020303487894125,17.07474087306764,17.15245999605395,0.0002950311260747126,full_action_abstract_mdp
corridor_64,0.05,epsilon_homogeneous,abstraction:model_minimization,4,64,2,32.0,0.22866978478699387,1.1618964075164356e-12,0.95,16.96166152402293,17.036218694061972,17.309436009032652,0.00028675180102611476,full_action_abstract_mdp
corridor_64,0.05,epsilon_homogeneous,abstraction:model_minimization,7,64,2,32.0,0.22866978478699387,1.1618964075164356e-12,0.95,17.136104674078524,17.21248378092423,17.221473508165218,0.00029125837655399845,full_action_abstract_mdp
corridor_64,0.05,exact_model_minimization,abstraction:model_minimization,4,64,64,1.0,2.4458402431668995e-16,1.1618964075164356e-12,0.0,0.3810125379823148,0.3841733409790322,0.402072443976067,0.012961201394897424,full_action_abstract_mdp
corridor_64,0.05,policy_kron_oracle,reduction:policy_kron_oracle,13,64,13,4.923076923076923,1.1616518234921189e-12,0.0,nan,0.009689204045571387,0.00989982404280454,0.010780864977277815,0.4981642094581228,fixed_optimal_policy_only
corridor_64,0.05,policy_kron_oracle,reduction:policy_kron_oracle,23,64,23,2.782608695652174,1.1610403634313273e-12,0.0,nan,0.012403747881762683,0.012634764076210558,0.012748099165037274,0.38649046561121,fixed_optimal_policy_only
corridor_64,0.05,policy_kron_oracle,reduction:policy_kron_oracle,4,64,4,16.0,1.162018699528594e-12,0.0,nan,0.00918418902438134,0.009752748068422079,0.01011041202582419,0.5012440634769119,fixed_optimal_policy_only
corridor_64,0.05,policy_kron_oracle,reduction:policy_kron_oracle,7,64,7,9.142857142857142,1.1615295314799606e-12,0.0,nan,0.009277769131585956,0.010149241075851023,0.011290751048363745,0.48014664655731226,fixed_optimal_policy_only
corridor_64,0.05,qstar_oracle_aggregation,abstraction:qstar_oracle,13,64,13,4.923076923076923,0.0264328583889336,1.1618964075164356e-12,0.95,0.011959184077568352,0.012123433058150113,0.012363702058792114,0.4026842788484903,full_action_abstract_mdp
corridor_64,0.05,qstar_oracle_aggregation,abstraction:qstar_oracle,23,64,23,2.782608695652174,0.014386139575017715,1.1618964075164356e-12,0.95,0.012505911057814956,0.012550326064229012,0.01470886287279427,0.3928819863147373,full_action_abstract_mdp
corridor_64,0.05,qstar_oracle_aggregation,abstraction:qstar_oracle,4,64,4,16.0,0.10078896462366788,1.1618964075164356e-12,0.95,0.012695565004833043,0.012875081971287727,0.01298458909150213,0.38910234008407923,full_action_abstract_mdp
corridor_64,0.05,qstar_oracle_aggregation,abstraction:qstar_oracle,7,64,7,9.142857142857142,0.04964960199231303,1.1618964075164356e-12,0.95,0.011954077985137701,0.011979566887021065,0.018111712066456676,0.4110105329371797,full_action_abstract_mdp
corridor_64,0.1,epsilon_homogeneous,abstraction:model_minimization,13,64,2,32.0,0.23118943608682033,2.207366878286206e-12,0.9,16.840909339953214,16.848817049060017,16.98376905103214,0.0003402177948220607,full_action_abstract_mdp
corridor_64,0.1,epsilon_homogeneous,abstraction:model_minimization,23,64,2,32.0,0.23118943608682033,2.207366878286206e-12,0.9,16.560808292008005,16.884325964958407,16.921877781045623,0.0003405249193284338,full_action_abstract_mdp
corridor_64,0.1,epsilon_homogeneous,abstraction:model_minimization,4,64,2,32.0,0.23118943608682033,2.207366878286206e-12,0.9,17.098890032968484,17.22562184697017,17.340305858990178,0.00033575763939974604,full_action_abstract_mdp
corridor_64,0.1,epsilon_homogeneous,abstraction:model_minimization,7,64,2,32.0,0.23118943608682033,2.207366878286206e-12,0.9,16.968545366893522,17.123103249119595,17.44079118804075,0.0003635065054251885,full_action_abstract_mdp
corridor_64,0.1,exact_model_minimization,abstraction:model_minimization,4,64,64,1.0,0.0,2.207366878286206e-12,0.0,0.38493176701013,0.38776371197309345,0.40926390001550317,0.01467581915352274,full_action_abstract_mdp
corridor_64,0.1,policy_kron_oracle,reduction:policy_kron_oracle,13,64,13,4.923076923076923,2.207366878286206e-12,0.0,nan,0.011567405075766146,0.011895237024873495,0.012292350875213742,0.5081877354674649,fixed_optimal_policy_only
corridor_64,0.1,policy_kron_oracle,reduction:policy_kron_oracle,23,64,23,2.782608695652174,2.2061689801593887e-12,0.0,nan,0.013645859085954726,0.014671626966446638,0.018308507977053523,0.41753003751490597,fixed_optimal_policy_only
corridor_64,0.1,policy_kron_oracle,reduction:policy_kron_oracle,4,64,4,16.0,2.2077262477242514e-12,0.0,nan,0.010755832074210048,0.010836132918484509,0.011176687898114324,0.525332810576325,fixed_optimal_policy_only
corridor_64,0.1,policy_kron_oracle,reduction:policy_kron_oracle,7,64,7,9.142857142857142,2.2079658273496146e-12,0.0,nan,0.009450942976400256,0.009906413964927197,0.011021749000065029,0.6001786758894222,fixed_optimal_policy_only
corridor_64,0.1,qstar_oracle_aggregation,abstraction:qstar_oracle,13,64,13,4.923076923076923,0.02535226975129709,2.207366878286206e-12,0.9,0.012627893942408264,0.012773480964824557,0.014008095138706267,0.45202795728025297,full_action_abstract_mdp
corridor_64,0.1,qstar_oracle_aggregation,abstraction:qstar_oracle,23,64,23,2.782608695652174,0.015130676997602299,2.207366878286206e-12,0.9,0.013596723088994622,0.013891701004467905,0.01563936599995941,0.40089725865929476,full_action_abstract_mdp
corridor_64,0.1,qstar_oracle_aggregation,abstraction:qstar_oracle,4,64,4,16.0,0.10139208020734336,2.207366878286206e-12,0.9,0.013798382016830146,0.013843317166902125,0.01397510094102472,0.4163801173711885,full_action_abstract_mdp
corridor_64,0.1,qstar_oracle_aggregation,abstraction:qstar_oracle,7,64,7,9.142857142857142,0.05006544380103091,2.207366878286206e-12,0.9,0.013008077046833932,0.013119639945216477,0.013196852873079479,0.4341485129219423,full_action_abstract_mdp
four_rooms_11,0.0,epsilon_homogeneous,abstraction:model_minimization,11,104,2,52.0,0.6682908946223689,1.1919938617495704,1.0,11.882451675948687,11.913661575992592,11.970290864934213,0.00010868312161236725,full_action_abstract_mdp
four_rooms_11,0.0,epsilon_homogeneous,abstraction:model_minimization,21,104,2,52.0,0.6682908946223689,1.1919938617495704,1.0,11.673697690130211,11.713917601970024,12.086998930084519,0.00011218731835670737,full_action_abstract_mdp
four_rooms_11,0.0,epsilon_homogeneous,abstraction:model_minimization,37,104,2,52.0,0.6682908946223689,1.1919938617495704,1.0,11.720236982102506,11.759352738969028,11.778679457027465,0.0001212306289455552,full_action_abstract_mdp
four_rooms_11,0.0,epsilon_homogeneous,abstraction:model_minimization,6,104,2,52.0,0.6682908946223689,1.1919938617495704,1.0,11.945757683017291,11.97240691294428,12.069327871897258,9.987930689629943e-05,full_action_abstract_mdp
four_rooms_11,0.0,exact_model_minimization,abstraction:model_minimization,6,104,104,1.0,0.0,0.0,0.0,0.2761541868094355,0.2774364941287786,0.278750050929375,0.004384289822680901,full_action_abstract_mdp
four_rooms_11,0.0,policy_kron_oracle,reduction:policy_kron_oracle,11,104,11,9.454545454545455,0.0,0.0,nan,0.009185597882606089,0.009267328889109194,0.009452372905798256,0.14701045965090223,fixed_optimal_policy_only
four_rooms_11,0.0,policy_kron_oracle,reduction:policy_kron_oracle,21,104,21,4.9523809523809526,1.1681289864726658e-16,0.0,nan,0.01398534292820841,0.014248486026190221,0.014331324025988579,0.08626303425071079,fixed_optimal_policy_only
four_rooms_11,0.0,policy_kron_oracle,reduction:policy_kron_oracle,37,104,37,2.810810810810811,1.1681289864726658e-16,0.0,nan,0.026294114883057773,0.026699761860072613,0.02689193794503808,0.04509065729417768,fixed_optimal_policy_only
four_rooms_11,0.0,policy_kron_oracle,reduction:policy_kron_oracle,6,104,6,17.333333333333332,0.0,0.0,nan,0.007685652934014797,0.007720825960859656,0.00823844294063747,0.1449684111474268,fixed_optimal_policy_only
four_rooms_11,0.0,qstar_oracle_aggregation,abstraction:qstar_oracle,11,104,11,9.454545454545455,0.6496681481149702,1.1919938617495704,1.0,0.00871910317800939,0.008742948062717915,0.008927043993026018,0.14631631913074314,full_action_abstract_mdp
four_rooms_11,0.0,qstar_oracle_aggregation,abstraction:qstar_oracle,21,104,21,4.9523809523809526,0.2626230383359715,1.1919938617495704,1.0,0.0074578700587153435,0.0075153440702706575,0.0075876141199842095,0.15952114724756167,full_action_abstract_mdp
four_rooms_11,0.0,qstar_oracle_aggregation,abstraction:qstar_oracle,37,104,37,2.810810810810811,0.10104550318400932,1.1919938617495704,1.0,0.00864473998080939,0.008696916163899004,0.008745535858906806,0.13762692597571397,full_action_abstract_mdp
four_rooms_11,0.0,qstar_oracle_aggregation,abstraction:qstar_oracle,6,104,6,17.333333333333332,0.7125085844082059,1.1919938617495704,1.0,0.009521013009361923,0.009603033191524446,0.009781480068340898,0.13846810430291379,full_action_abstract_mdp
four_rooms_11,0.05,epsilon_homogeneous,abstraction:model_minimization,11,104,2,52.0,0.6023574516421248,1.0885960050252312,0.95,11.977160321897827,12.01958486600779,12.031322040827945,0.0002159458995871585,full_action_abstract_mdp
four_rooms_11,0.05,epsilon_homogeneous,abstraction:model_minimization,21,104,2,52.0,0.6023574516421248,1.0885960050252312,0.95,11.750148779945448,11.924465885967948,12.097058071987703,0.00021671572180128378,full_action_abstract_mdp
four_rooms_11,0.05,epsilon_homogeneous,abstraction:model_minimization,37,104,2,52.0,0.6023574516421248,1.0885960050252312,0.95,11.706983424955979,11.832130006980151,12.055679465061985,0.0002190378159905276,full_action_abstract_mdp
four_rooms_11,0.05,epsilon_homogeneous,abstraction:model_minimization,6,104,2,52.0,0.6023574516421248,1.0885960050252312,0.95,11.960714238113724,12.028743230039254,12.157397596049123,0.000217740082350317,full_action_abstract_mdp
four_rooms_11,0.05,exact_model_minimization,abstraction:model_minimization,6,104,104,1.0,0.0,2.712336828250836e-12,0.0,0.27767093817237765,0.2822028090013191,0.28322259499691427,0.0094780798440532,full_action_abstract_mdp
four_rooms_11,0.05,policy_kron_oracle,reduction:policy_kron_oracle,11,104,11,9.454545454545455,2.712336828250836e-12,0.0,nan,0.011550741968676448,0.011594315990805626,0.011639214004389942,0.2182520882253378,fixed_optimal_policy_only
four_rooms_11,0.05,policy_kron_oracle,reduction:policy_kron_oracle,21,104,21,4.9523809523809526,2.712225525496178e-12,0.0,nan,0.015273577999323606,0.016111290082335472,0.016330745886079967,0.17416338333461537,fixed_optimal_policy_only
four_rooms_11,0.05,policy_kron_oracle,reduction:policy_kron_oracle,37,104,37,2.810810810810811,2.712225525496178e-12,0.0,nan,0.028226705035194755,0.028704743017442524,0.029821786913089454,0.0952909726053171,fixed_optimal_policy_only
four_rooms_11,0.05,policy_kron_oracle,reduction:policy_kron_oracle,6,104,6,17.333333333333332,2.712336828250836e-12,0.0,nan,0.00994266604539007,0.009966158075258136,0.009991869912482798,0.25118046868799837,fixed_optimal_policy_only
four_rooms_11,0.05,qstar_oracle_aggregation,abstraction:qstar_oracle,11,104,11,9.454545454545455,0.6246987860512496,1.0885848500703796,0.9833333333333334,0.010388929047621787,0.010510869906283915,0.010740617057308555,0.2504649805816188,full_action_abstract_mdp
four_rooms_11,0.05,qstar_oracle_aggregation,abstraction:qstar_oracle,21,104,21,4.9523809523809526,0.26842756796918343,1.0727218216735883,0.9833333333333333,0.008203194011002779,0.008296457934193313,0.00831588578876108,0.29825784184750137,full_action_abstract_mdp
four_rooms_11,0.05,qstar_oracle_aggregation,abstraction:qstar_oracle,37,104,37,2.810810810810811,0.1038418821230964,1.0828929022220466,0.9833333333333333,0.010158153134398162,0.010188126005232334,0.010234570945613086,0.2444791259487436,full_action_abstract_mdp
four_rooms_11,0.05,qstar_oracle_aggregation,abstraction:qstar_oracle,6,104,6,17.333333333333332,0.7432737855442413,1.0885960050252312,0.9666666666666667,0.0103052849881351,0.010871589882299304,0.011042097816243768,0.2357882337405446,full_action_abstract_mdp
four_rooms_11,0.1,epsilon_homogeneous,abstraction:model_minimization,11,104,2,52.0,0.5351578701893395,0.9849393839777819,0.9,11.817549844970927,11.907741821953095,11.953362394007854,0.0002650015845898096,full_action_abstract_mdp
four_rooms_11,0.1,epsilon_homogeneous,abstraction:model_minimization,21,104,2,52.0,0.5351578701893395,0.9849393839777819,0.9,11.838914196006954,11.887321313959546,12.059503617929295,0.0002732913428655027,full_action_abstract_mdp
four_rooms_11,0.1,epsilon_homogeneous,abstraction:model_minimization,37,104,2,52.0,0.5351578701893395,0.9849393839777819,0.9,11.691447027027607,11.829188412986696,11.976066509028897,0.00026776939377329875,full_action_abstract_mdp
four_rooms_11,0.1,epsilon_homogeneous,abstraction:model_minimization,6,104,2,52.0,0.5351578701893395,0.9849393839777819,0.9,11.716351687908173,11.839920759899542,12.008674934040755,0.00026320641642737217,full_action_abstract_mdp
four_rooms_11,0.1,exact_model_minimization,abstraction:model_minimization,6,104,104,1.0,0.0,4.1327816553320315e-12,0.0,0.2844372158870101,0.28518462704960257,0.28520678693894297,0.010784273896020307,full_action_abstract_mdp
four_rooms_11,0.1,policy_kron_oracle,reduction:policy_kron_oracle,11,104,11,9.454545454545455,4.132146981927066e-12,0.0,nan,0.011657275026664138,0.011670500040054321,0.011879762983880937,0.26203174640568117,fixed_optimal_policy_only
four_rooms_11,0.1,policy_kron_oracle,reduction:policy_kron_oracle,21,104,21,4.9523809523809526,4.132146981927066e-12,0.0,nan,0.01682768715545535,0.016881415038369596,0.0179365020012483,0.18491142776850433,fixed_optimal_policy_only
four_rooms_11,0.1,policy_kron_oracle,reduction:policy_kron_oracle,37,104,37,2.810810810810811,4.131935424125411e-12,0.0,nan,0.02779020497109741,0.028679548879154027,0.032044057035818696,0.10736884086537903,fixed_optimal_policy_only
four_rooms_11,0.1,policy_kron_oracle,reduction:policy_kron_oracle,6,104,6,17.333333333333332,4.132358539728721e-12,0.0,nan,0.010647719958797097,0.0108474709559232,0.01108309393748641,0.29381376989854097,fixed_optimal_policy_only
four_rooms_11,0.1,qstar_oracle_aggregation,abstraction:qstar_oracle,11,104,11,9.454545454545455,0.5928656680510188,0.9654899024391373,0.9666666666666667,0.010978476144373417,0.011001656064763665,0.01151699898764491,0.2653022141322962,full_action_abstract_mdp
four_rooms_11,0.1,qstar_oracle_aggregation,abstraction:qstar_oracle,21,104,21,4.9523809523809526,0.24241738525974177,0.9824899606836502,0.9666666666666667,0.009642471093684435,0.009878179989755154,0.010878632892854512,0.32971527108134285,full_action_abstract_mdp
four_rooms_11,0.1,qstar_oracle_aggregation,abstraction:qstar_oracle,37,104,37,2.810810810810811,0.09717103263805163,0.9384125106196703,0.9666666666666667,0.01102684810757637,0.011036432115361094,0.011141750030219555,0.2800999038174701,full_action_abstract_mdp
four_rooms_11,0.1,qstar_oracle_aggregation,abstraction:qstar_oracle,6,104,6,17.333333333333332,0.6836239181003883,0.9360017477750084,0.9333333333333333,0.011608093976974487,0.01178064604755491,0.013109626015648246,0.27360098959443185,full_action_abstract_mdp
four_rooms_9,0.0,epsilon_homogeneous,abstraction:model_minimization,14,68,2,34.0,0.7485496629796595,1.592377112516001,1.0,4.4749005190096796,4.497283597011119,4.549637952004559,0.00024487270313747845,full_action_abstract_mdp
four_rooms_9,0.0,epsilon_homogeneous,abstraction:model_minimization,24,68,2,34.0,0.7485496629796595,1.592377112516001,1.0,4.472611943958327,4.4741506789578125,4.476778494077735,0.0002459006170605011,full_action_abstract_mdp
four_rooms_9,0.0,epsilon_homogeneous,abstraction:model_minimization,4,68,2,34.0,0.7485496629796595,1.592377112516001,1.0,4.462229146971367,4.463184698019177,4.4641013300279155,0.00022176248012265598,full_action_abstract_mdp
four_rooms_9,0.0,epsilon_homogeneous,abstraction:model_minimization,7,68,2,34.0,0.7485496629796595,1.592377112516001,1.0,4.45567309402395,4.47335416811984,4.52070112596266,0.00024088530578300106,full_action_abstract_mdp
four_rooms_9,0.0,exact_model_minimization,abstraction:model_minimization,4,68,68,1.0,0.0,0.0,0.0,0.1024177010403946,0.10662138985935599,0.10778666799888015,0.010816664132014854,full_action_abstract_mdp
four_rooms_9,0.0,policy_kron_oracle,reduction:policy_kron_oracle,14,68,14,4.857142857142857,1.3814960442367423e-16,0.0,nan,0.005894430913031101,0.006010030047036707,0.00606238201726228,0.164740582266317,fixed_optimal_policy_only
four_rooms_9,0.0,policy_kron_oracle,reduction:policy_kron_oracle,24,68,24,2.8333333333333335,0.0,0.0,nan,0.009057327988557518,0.009112008032388985,0.009209618088789284,0.11512041515551691,fixed_optimal_policy_only
four_rooms_9,0.0,policy_kron_oracle,reduction:policy_kron_oracle,4,68,4,17.0,0.0,0.0,nan,0.004303995985537767,0.00438756390940398,0.004507848992943764,0.24239487644525676,fixed_optimal_policy_only
four_rooms_9,0.0,policy_kron_oracle,reduction:policy_kron_oracle,7,68,7,9.714285714285714,0.0,0.0,nan,0.004471315070986748,0.00467804295476526,0.004727281979285181,0.2393158318103205,fixed_optimal_policy_only
four_rooms_9,0.0,qstar_oracle_aggregation,abstraction:qstar_oracle,14,68,14,4.857142857142857,0.27854244008261614,1.592377112516001,1.0,0.005246525979600847,0.005273849819786847,0.00544972310308367,0.1868215824789289,full_action_abstract_mdp
four_rooms_9,0.0,qstar_oracle_aggregation,abstraction:qstar_oracle,24,68,24,2.8333333333333335,0.1406093705290724,1.592377112516001,1.0,0.006451627938076854,0.006455072085373104,0.006489365943707526,0.1557609603844889,full_action_abstract_mdp
four_rooms_9,0.0,qstar_oracle_aggregation,abstraction:qstar_oracle,4,68,4,17.0,0.9902741233309057,1.592377112516001,1.0,0.009925515973009169,0.010779459960758686,0.011316761025227606,0.11692966744569173,full_action_abstract_mdp
four_rooms_9,0.0,qstar_oracle_aggregation,abstraction:qstar_oracle,7,68,7,9.714285714285714,0.6573654062156569,1.592377112516001,1.0,0.007524835993535817,0.007587826228700578,0.00767726800404489,0.14369616434230822,full_action_abstract_mdp
four_rooms_9,0.05,epsilon_homogeneous,abstraction:model_minimization,14,68,2,34.0,0.67866878668215,1.4617680759555542,0.95,4.489562090835534,4.494325693929568,4.51785734295845,0.000506883884302201,full_action_abstract_mdp
four_rooms_9,0.05,epsilon_homogeneous,abstraction:model_minimization,24,68,2,34.0,0.67866878668215,1.4617680759555542,0.95,4.44423469400499,4.446692227036692,4.44712258700747,0.0005191882849235999,full_action_abstract_mdp
four_rooms_9,0.05,epsilon_homogeneous,abstraction:model_minimization,4,68,2,34.0,0.67866878668215,1.4617680759555542,0.95,4.473375563975424,4.476804069126956,4.535619144095108,0.0005168813595586888,full_action_abstract_mdp
four_rooms_9,0.05,epsilon_homogeneous,abstraction:model_minimization,7,68,2,34.0,0.67866878668215,1.4617680759555542,0.95,4.442891148966737,4.450418850174174,4.478828882100061,0.0005083487563522679,full_action_abstract_mdp
four_rooms_9,0.05,exact_model_minimization,abstraction:model_minimization,4,68,68,1.0,0.0,1.924286338474306e-12,0.0,0.10311850102152675,0.10624921519774944,0.10644442995544523,0.02025773500509117,full_action_abstract_mdp
four_rooms_9,0.05,policy_kron_oracle,reduction:policy_kron_oracle,14,68,14,4.857142857142857,1.9244175278892552e-12,0.0,nan,0.0076170130632817745,0.007618476985953748,0.007810484035871923,0.2856067099119756,fixed_optimal_policy_only
four_rooms_9,0.05,policy_kron_oracle,reduction:policy_kron_oracle,24,68,24,2.8333333333333335,1.9244175278892552e-12,0.0,nan,0.01079636299982667,0.010835002991370857,0.010840822127647698,0.20268503619355116,fixed_optimal_policy_only
four_rooms_9,0.05,policy_kron_oracle,reduction:policy_kron_oracle,4,68,4,17.0,1.9244175278892552e-12,0.0,nan,0.005987578886561096,0.00603206199593842,0.006193147040903568,0.35925592074483115,fixed_optimal_policy_only
four_rooms_9,0.05,policy_kron_oracle,reduction:policy_kron_oracle,7,68,7,9.714285714285714,1.9248110961341027e-12,0.0,nan,0.006152265006676316,0.006248681922443211,0.0067861758871003985,0.35290564252037093,fixed_optimal_policy_only
four_rooms_9,0.05,qstar_oracle_aggregation,abstraction:qstar_oracle,14,68,14,4.857142857142857,0.24582096055488295,1.4609830735126068,0.9833333333333333,0.0069730039685964584,0.007810662966221571,0.007819160120561719,0.31150490249633844,full_action_abstract_mdp
four_rooms_9,0.05,qstar_oracle_aggregation,abstraction:qstar_oracle,24,68,24,2.8333333333333335,0.11455711368950666,1.4086746563466654,0.9666666666666667,0.007097525987774134,0.0071337472181767225,0.007316548959352076,0.3076548707471612,full_action_abstract_mdp
four_rooms_9,0.05,qstar_oracle_aggregation,abstraction:qstar_oracle,4,68,4,17.0,0.9185661540007435,1.4615228120895216,0.9666666666666667,0.010807920945808291,0.011065293103456497,0.011227269074879587,0.2099505183285151,full_action_abstract_mdp
four_rooms_9,0.05,qstar_oracle_aggregation,abstraction:qstar_oracle,7,68,7,9.714285714285714,0.6255935192197837,1.443450997377649,0.9666666666666667,0.0088673229329288,0.009007048909552395,0.009023456717841327,0.24324950947702004,full_action_abstract_mdp
four_rooms_9,0.1,epsilon_homogeneous,abstraction:model_minimization,14,68,2,34.0,0.6071195394039761,1.3309471533007557,0.9,4.389861327013932,4.513650642940775,4.551920504076406,0.0006439613522456251,full_action_abstract_mdp
four_rooms_9,0.1,epsilon_homogeneous,abstraction:model_minimization,24,68,2,34.0,0.6071195394039761,1.3309471533007557,0.9,4.479613226023503,4.482051916071214,4.505654718959704,0.0006433207243389702,full_action_abstract_mdp
four_rooms_9,0.1,epsilon_homogeneous,abstraction:model_minimization,4,68,2,34.0,0.6071195394039761,1.3309471533007557,0.9,4.440228524035774,4.466910568997264,4.485569054959342,0.000606628238278372,full_action_abstract_mdp
four_rooms_9,0.1,epsilon_homogeneous,abstraction:model_minimization,7,68,2,34.0,0.6071195394039761,1.3309471533007557,0.9,4.411757163936272,4.501160927116871,4.565199461998418,0.0006397960903655516,full_action_abstract_mdp
four_rooms_9,0.1,exact_model_minimization,abstraction:model_minimization,4,68,68,1.0,0.0,3.742875271673913e-12,0.0,0.10601776000112295,0.10653786186594516,0.10712706099729985,0.025465013229232156,full_action_abstract_mdp
four_rooms_9,0.1,policy_kron_oracle,reduction:policy_kron_oracle,14,68,14,4.857142857142857,3.743123711836647e-12,0.0,nan,0.008243169053457677,0.008248253958299756,0.008501546923071146,0.3276952076355248,fixed_optimal_policy_only
four_rooms_9,0.1,policy_kron_oracle,reduction:policy_kron_oracle,24,68,24,2.8333333333333335,3.7425026114298114e-12,0.0,nan,0.011305472115054727,0.011333970935083926,0.011443346040323377,0.23885417785505514,fixed_optimal_policy_only
four_rooms_9,0.1,policy_kron_oracle,reduction:policy_kron_oracle,4,68,4,17.0,3.742626831511179e-12,0.0,nan,0.006400370970368385,0.006670941016636789,0.00693084008526057,0.42528198155603125,fixed_optimal_policy_only
four_rooms_9,0.1,policy_kron_oracle,reduction:policy_kron_oracle,7,68,7,9.714285714285714,3.74299949175528e-12,0.0,nan,0.006662148982286453,0.006678294972516596,0.006720037083141506,0.4114900296476613,fixed_optimal_policy_only
four_rooms_9,0.1,qstar_oracle_aggregation,abstraction:qstar_oracle,14,68,14,4.857142857142857,0.3008161374274479,1.3032095443514498,0.9333333333333333,0.0081717410357669,0.008214571978896856,0.008255998021923006,0.33275244989430386,full_action_abstract_mdp
four_rooms_9,0.1,qstar_oracle_aggregation,abstraction:qstar_oracle,24,68,24,2.8333333333333335,0.14769075656978167,0.8057955146506853,0.9666666666666667,0.008038598927669227,0.008315098006278276,0.009251334937289357,0.32116895230163117,full_action_abstract_mdp
four_rooms_9,0.1,qstar_oracle_aggregation,abstraction:qstar_oracle,4,68,4,17.0,0.8437506297109376,1.3308146313103113,0.9333333333333333,0.01165882300119847,0.011681460193358362,0.011770570767112076,0.2424021743072608,full_action_abstract_mdp
four_rooms_9,0.1,qstar_oracle_aggregation,abstraction:qstar_oracle,7,68,7,9.714285714285714,0.6091432835497593,1.2632232608043876,0.9333333333333333,0.00978413294069469,0.009958739974536002,0.010050584794953465,0.27794245861573197,full_action_abstract_mdp
maze_11,0.0,epsilon_homogeneous,abstraction:model_minimization,10,49,2,24.5,0.040440631410468525,0.605929221194682,1.0,5.570546429022215,5.679750294890255,5.764057549997233,0.0003241356600033663,full_action_abstract_mdp
maze_11,0.0,epsilon_homogeneous,abstraction:model_minimization,18,49,2,24.5,0.040440631410468525,0.605929221194682,1.0,5.739969011861831,5.754903457011096,5.776889021974057,0.0003155009534817273,full_action_abstract_mdp
maze_11,0.0,epsilon_homogeneous,abstraction:model_minimization,3,49,2,24.5,0.040440631410468525,0.605929221194682,1.0,5.720751032815315,5.761240337975323,5.790059413993731,0.00030630464335705093,full_action_abstract_mdp
maze_11,0.0,epsilon_homogeneous,abstraction:model_minimization,5,49,2,24.5,0.040440631410468525,0.605929221194682,1.0,5.7376020118827,5.798045439994894,5.80073693592567,0.00030479961847120293,full_action_abstract_mdp
maze_11,0.0,exact_model_minimization,abstraction:model_minimization,3,49,49,1.0,0.0,0.0,0.0,0.12466315401252359,0.1270911720348522,0.12745238502975553,0.013833859314902875,full_action_abstract_mdp
maze_11,0.0,policy_kron_oracle,reduction:policy_kron_oracle,10,49,10,4.9,0.0,0.0,nan,0.004277052008546889,0.00429320998955518,0.004563488997519016,0.4113979966534876,fixed_optimal_policy_only
maze_11,0.0,policy_kron_oracle,reduction:policy_kron_oracle,18,49,18,2.7222222222222223,1.7116220133971358e-16,0.0,nan,0.0055480069713667035,0.0056141180684790015,0.005894943024031818,0.3045969171075851,fixed_optimal_policy_only
maze_11,0.0,policy_kron_oracle,reduction:policy_kron_oracle,3,49,3,16.333333333333332,0.0,0.0,nan,0.0036564888432621956,0.003683387883938849,0.0039765490218997,0.4747240847607721,fixed_optimal_policy_only
maze_11,0.0,policy_kron_oracle,reduction:policy_kron_oracle,5,49,5,9.8,0.0,0.0,nan,0.003692297963425517,0.0037250950699672103,0.0037836789852008224,0.46066476671293055,fixed_optimal_policy_only
maze_11,0.0,qstar_oracle_aggregation,abstraction:qstar_oracle,10,49,10,4.9,0.2799043413544463,0.605929221194682,1.0,0.008708695997484028,0.008724223007448018,0.008964531938545406,0.20258801298443346,full_action_abstract_mdp
maze_11,0.0,qstar_oracle_aggregation,abstraction:qstar_oracle,18,49,18,2.7222222222222223,0.1408874981423086,0.605929221194682,1.0,0.006867156131193042,0.006915163015946746,0.007036455092020333,0.25546208992007147,full_action_abstract_mdp
maze_11,0.0,qstar_oracle_aggregation,abstraction:qstar_oracle,3,49,3,16.333333333333332,0.0762118489227169,0.605929221194682,1.0,0.008324232883751392,0.008367327041924,0.008415409945882857,0.21270288393393405,full_action_abstract_mdp
maze_11,0.0,qstar_oracle_aggregation,abstraction:qstar_oracle,5,49,5,9.8,0.24055038076974733,0.605929221194682,1.0,0.010005089920014143,0.010204907855950296,0.010264323092997074,0.18318415162930884,full_action_abstract_mdp
maze_11,0.05,epsilon_homogeneous,abstraction:model_minimization,10,49,2,24.5,0.05848435989691819,0.544020266881021,0.95,5.718214440974407,5.7279990600654855,5.778384390054271,0.0005383739860265331,full_action_abstract_mdp
maze_11,0.05,epsilon_homogeneous,abstraction:model_minimization,18,49,2,24.5,0.05848435989691819,0.544020266881021,0.95,5.67924696393311,5.688097226899117,5.803793992032297,0.0005275649994467178,full_action_abstract_mdp
maze_11,0.05,epsilon_homogeneous,abstraction:model_minimization,3,49,2,24.5,0.05848435989691819,0.544020266881021,0.95,5.771570625947788,5.786029168986715,5.801476249936968,0.0005129987925559262,full_action_abstract_mdp
maze_11,0.05,epsilon_homogeneous,abstraction:model_minimization,5,49,2,24.5,0.05848435989691819,0.544020266881021,0.95,5.713878147071227,5.892051254049875,5.903198628104292,0.0005243990840137046,full_action_abstract_mdp
maze_11,0.05,exact_model_minimization,abstraction:model_minimization,3,49,49,1.0,1.6456385767480226e-16,2.1914968926553417e-12,0.0,0.12904184497892857,0.1301169020589441,0.13193073600996286,0.02317676583160233,full_action_abstract_mdp
maze_11,0.05,policy_kron_oracle,reduction:policy_kron_oracle,10,49,10,4.9,2.1916614565130166e-12,0.0,nan,0.005587339983321726,0.00560018396936357,0.006040725973434746,0.5090275661178848,fixed_optimal_policy_only
maze_11,0.05,policy_kron_oracle,reduction:policy_kron_oracle,18,49,18,2.7222222222222223,2.191167764939992e-12,0.0,nan,0.006851429119706154,0.006893999991007149,0.007270131027325988,0.41482983951994196,fixed_optimal_policy_only
maze_11,0.05,policy_kron_oracle,reduction:policy_kron_oracle,3,49,3,16.333333333333332,2.191332328797667e-12,0.0,nan,0.0051020580576732755,0.005297743948176503,0.005574404960498214,0.5643117304276246,fixed_optimal_policy_only
maze_11,0.05,policy_kron_oracle,reduction:policy_kron_oracle,5,49,5,9.8,2.191332328797667e-12,0.0,nan,0.005277474992908537,0.00559761596377939,0.0056221409467980266,0.5494580402669877,fixed_optimal_policy_only
maze_11,0.05,qstar_oracle_aggregation,abstraction:qstar_oracle,10,49,10,4.9,0.25638072751547336,0.5440202668806164,0.9666666666666667,0.01002630905713886,0.010242508025839925,0.010320767876692116,0.2889968036783963,full_action_abstract_mdp
maze_11,0.05,qstar_oracle_aggregation,abstraction:qstar_oracle,18,49,18,2.7222222222222223,0.16154200859604817,0.5440123241995947,0.9500000000000001,0.008475635084323585,0.00853378395549953,0.008578732842579484,0.3476394410609766,full_action_abstract_mdp
maze_11,0.05,qstar_oracle_aggregation,abstraction:qstar_oracle,3,49,3,16.333333333333332,0.07736101313977063,0.5440202668810216,0.9666666666666667,0.01071600301656872,0.011296815006062388,0.012951773940585554,0.2606641818762541,full_action_abstract_mdp
maze_11,0.05,qstar_oracle_aggregation,abstraction:qstar_oracle,5,49,5,9.8,0.2134391101045837,0.5440202667459664,0.95,0.01130092202220112,0.011314517119899392,0.011758325039409101,0.2610627621938756,full_action_abstract_mdp
maze_11,0.1,epsilon_homogeneous,abstraction:model_minimization,10,49,2,24.5,0.07675593098797952,0.48296078598414066,0.9,5.765419082832523,5.7815769298467785,5.794972975971177,0.0006470312383839907,full_action_abstract_mdp
maze_11,0.1,epsilon_homogeneous,abstraction:model_minimization,18,49,2,24.5,0.07675593098797952,0.48296078598414066,0.9,5.6951763548422605,5.779696451034397,5.877347584115341,0.0006411185107193872,full_action_abstract_mdp
maze_11,0.1,epsilon_homogeneous,abstraction:model_minimization,3,49,2,24.5,0.07675593098797952,0.48296078598414066,0.9,5.651375288027339,5.6907940990058705,5.860792158055119,0.0006163660823526149,full_action_abstract_mdp
maze_11,0.1,epsilon_homogeneous,abstraction:model_minimization,5,49,2,24.5,0.07675593098797952,0.48296078598414066,0.9,5.789730885880999,5.794622894143686,5.963559723109938,0.0006401012568098384,full_action_abstract_mdp
maze_11,0.1,exact_model_minimization,abstraction:model_minimization,3,49,49,1.0,3.1611210416992603e-16,1.7422518621325475e-12,0.0,0.12361529702320695,0.12899794103577733,0.12911111302673817,0.02715419111204441,full_action_abstract_mdp
maze_11,0.1,policy_kron_oracle,reduction:policy_kron_oracle,10,49,10,4.9,1.7420938060804624e-12,0.0,nan,0.006414824980311096,0.006942471140064299,0.007359909010119736,0.5647275774108563,fixed_optimal_policy_only
maze_11,0.1,policy_kron_oracle,reduction:policy_kron_oracle,18,49,18,2.7222222222222223,1.7411454697679527e-12,0.0,nan,0.007647708989679813,0.007748595089651644,0.007948976126499474,0.46423652424141937,fixed_optimal_policy_only
maze_11,0.1,policy_kron_oracle,reduction:policy_kron_oracle,3,49,3,16.333333333333332,1.7424099181846323e-12,0.0,nan,0.0059334589168429375,0.006195434019900858,0.006196168018504977,0.6095607905066125,fixed_optimal_policy_only
maze_11,0.1,policy_kron_oracle,reduction:policy_kron_oracle,5,49,5,9.8,1.7424099181846323e-12,0.0,nan,0.0057092440547421575,0.005929942009970546,0.006555208936333656,0.6107621343939101,fixed_optimal_policy_only
maze_11,0.1,qstar_oracle_aggregation,abstraction:qstar_oracle,10,49,10,4.9,0.12938175235275812,0.4829607409647907,0.9333333333333333,0.00943362107500434,0.00969051686115563,0.010627791052684188,0.38043786444212785,full_action_abstract_mdp
maze_11,0.1,qstar_oracle_aggregation,abstraction:qstar_oracle,18,49,18,2.7222222222222223,0.16019595725136998,0.4826470460335972,0.9,0.009039140888489783,0.009211747092194855,0.009292387985624373,0.3890175176549964,full_action_abstract_mdp
maze_11,0.1,qstar_oracle_aggregation,abstraction:qstar_oracle,3,49,3,16.333333333333332,0.05267778503335846,0.48296078598643943,0.9333333333333333,0.011567394016310573,0.012245234102010727,0.01230043696705252,0.2973886759919607,full_action_abstract_mdp
maze_11,0.1,qstar_oracle_aggregation,abstraction:qstar_oracle,5,49,5,9.8,0.10671526117140456,0.4829607859861663,0.9333333333333333,0.009492280893027782,0.010082640103064477,0.010237073060125113,0.3460882264739046,full_action_abstract_mdp
maze_9,0.0,epsilon_homogeneous,abstraction:model_minimization,11,31,2,15.5,0.5720118040506497,2.2662911931624174,1.0,1.0073909199563786,1.0219324720092118,1.029942407971248,0.0008530399401421426,full_action_abstract_mdp
maze_9,0.0,epsilon_homogeneous,abstraction:model_minimization,2,31,2,15.5,0.5720118040506497,2.2662911931624174,1.0,1.0096218580147251,1.0097648659721017,1.0140776910120621,0.0007548692341744219,full_action_abstract_mdp
maze_9,0.0,epsilon_homogeneous,abstraction:model_minimization,4,31,2,15.5,0.5720118040506497,2.2662911931624174,1.0,1.0136491117300466,1.0177889550104737,1.0263369150925428,0.0008159177271214076,full_action_abstract_mdp
maze_9,0.0,epsilon_homogeneous,abstraction:model_minimization,7,31,2,15.5,0.5720118040506497,2.2662911931624174,1.0,1.0150300678797066,1.0173818909097463,1.0908740310696885,0.0008333220656579913,full_action_abstract_mdp
maze_9,0.0,exact_model_minimization,abstraction:model_minimization,2,31,31,1.0,0.0,0.0,0.0,0.023088238085620105,0.023096880060620606,0.023133335984311998,0.03284750387939925,full_action_abstract_mdp
maze_9,0.0,policy_kron_oracle,reduction:policy_kron_oracle,11,31,11,2.8181818181818183,0.0,0.0,nan,0.0022938119946047664,0.0022938729962334037,0.0022995159961283207,0.32535109644801835,fixed_optimal_policy_only
maze_9,0.0,policy_kron_oracle,reduction:policy_kron_oracle,2,31,2,15.5,0.0,0.0,nan,0.0012769321911036968,0.001306409016251564,0.0013630130561068654,0.5751138387646575,fixed_optimal_policy_only
maze_9,0.0,policy_kron_oracle,reduction:policy_kron_oracle,4,31,4,7.75,0.0,0.0,nan,0.0018284019315615296,0.0019434159621596336,0.002083625993691385,0.39173338199007346,fixed_optimal_policy_only
maze_9,0.0,policy_kron_oracle,reduction:policy_kron_oracle,7,31,7,4.428571428571429,1.7406296101340607e-16,0.0,nan,0.002010935917496681,0.0020144879817962646,0.00205673195887357,0.3735643582468903,fixed_optimal_policy_only
maze_9,0.0,qstar_oracle_aggregation,abstraction:qstar_oracle,11,31,11,2.8181818181818183,0.30096996213054333,0.0,1.0,0.0037458379520103335,0.003778778947889805,0.004515400156378746,0.20628541494092448,full_action_abstract_mdp
maze_9,0.0,qstar_oracle_aggregation,abstraction:qstar_oracle,2,31,2,15.5,0.5720118040506497,2.2662911931624174,1.0,0.006893626064993441,0.006894374964758754,0.007038583979010582,0.11584336488097698,full_action_abstract_mdp
maze_9,0.0,qstar_oracle_aggregation,abstraction:qstar_oracle,4,31,4,7.75,0.394711854144205,2.2662911931624174,1.0,0.004501447197981179,0.004575745901092887,0.004766918136738241,0.16910895161439027,full_action_abstract_mdp
maze_9,0.0,qstar_oracle_aggregation,abstraction:qstar_oracle,7,31,7,4.428571428571429,0.42204530057337325,2.2662911931624174,1.0,0.0038444080855697393,0.003964375937357545,0.004168380168266594,0.1916483157645286,full_action_abstract_mdp
maze_9,0.05,epsilon_homogeneous,abstraction:model_minimization,11,31,2,15.5,0.513428336793125,2.088280953180299,0.95,1.0117031789850444,1.019284131936729,1.046830505831167,0.0017099854171875172,full_action_abstract_mdp
maze_9,0.05,epsilon_homogeneous,abstraction:model_minimization,2,31,2,15.5,0.513428336793125,2.088280953180299,0.95,1.03088279790245,1.044803541037254,1.0491400990867987,0.0016929981969379215,full_action_abstract_mdp
maze_9,0.05,epsilon_homogeneous,abstraction:model_minimization,4,31,2,15.5,0.513428336793125,2.088280953180299,0.95,1.0214021371211857,1.027463007136248,1.0277049610158429,0.001658993123722506,full_action_abstract_mdp
maze_9,0.05,epsilon_homogeneous,abstraction:model_minimization,7,31,2,15.5,0.513428336793125,2.088280953180299,0.95,1.0266718708444387,1.030829131952487,1.0365572321461514,0.0017014641798952838,full_action_abstract_mdp
maze_9,0.05,exact_model_minimization,abstraction:model_minimization,2,31,31,1.0,0.0,1.8417671187447517e-12,0.0,0.023947078036144376,0.024530587950721383,0.0245733680203557,0.06883609668905011,full_action_abstract_mdp
maze_9,0.05,policy_kron_oracle,reduction:policy_kron_oracle,11,31,11,2.8181818181818183,1.841602439996652e-12,0.0,nan,0.0034050910035148263,0.003409113036468625,0.003429171978496015,0.5001590283105265,fixed_optimal_policy_only
maze_9,0.05,policy_kron_oracle,reduction:policy_kron_oracle,2,31,2,15.5,1.8417671187447517e-12,0.0,nan,0.002212963066995144,0.002282644039951265,0.002285302965901792,0.7441993815610766,fixed_optimal_policy_only
maze_9,0.05,policy_kron_oracle,reduction:policy_kron_oracle,4,31,4,7.75,1.8414377612485527e-12,0.0,nan,0.003021396929398179,0.003061193972826004,0.003490236005745828,0.5641430041194282,fixed_optimal_policy_only
maze_9,0.05,policy_kron_oracle,reduction:policy_kron_oracle,7,31,7,4.428571428571429,1.841931797492851e-12,0.0,nan,0.0031313570216298103,0.003172451979480684,0.003176179016008973,0.5358444784825224,fixed_optimal_policy_only
maze_9,0.05,qstar_oracle_aggregation,abstraction:qstar_oracle,11,31,11,2.8181818181818183,0.32229635371793613,0.0004031416966552444,0.9500000000000001,0.0046339951222762465,0.005692299804650247,0.008194488822482526,0.35387285468933294,full_action_abstract_mdp
maze_9,0.05,qstar_oracle_aggregation,abstraction:qstar_oracle,2,31,2,15.5,0.513428336793125,2.088280953180299,0.95,0.008026659954339266,0.008098708000034094,0.00815066893119365,0.21148867029215937,full_action_abstract_mdp
maze_9,0.05,qstar_oracle_aggregation,abstraction:qstar_oracle,4,31,4,7.75,0.36877599803257266,2.0820857764844525,0.95,0.005723354988731444,0.006398994941264391,0.006856595980934799,0.2961279021713194,full_action_abstract_mdp
maze_9,0.05,qstar_oracle_aggregation,abstraction:qstar_oracle,7,31,7,4.428571428571429,0.40804672065364517,1.8806903485546727,0.95,0.004834322025999427,0.0048828000435605645,0.004901100881397724,0.34013200908929203,full_action_abstract_mdp
maze_9,0.1,epsilon_homogeneous,abstraction:model_minimization,11,31,2,15.5,0.45301115684168586,1.8984808997266653,0.9,1.0190775450319052,1.0214323280379176,1.0226612800033763,0.002165980006579954,full_action_abstract_mdp
maze_9,0.1,epsilon_homogeneous,abstraction:model_minimization,2,31,2,15.5,0.45301115684168586,1.8984808997266653,0.9,1.0160893551073968,1.018087157048285,1.0209318021079525,0.0020873644862478076,full_action_abstract_mdp
maze_9,0.1,epsilon_homogeneous,abstraction:model_minimization,4,31,2,15.5,0.45301115684168586,1.8984808997266653,0.9,0.9770359030226246,0.9795629730215296,0.9932890450581908,0.002190472846530249,full_action_abstract_mdp
maze_9,0.1,epsilon_homogeneous,abstraction:model_minimization,7,31,2,15.5,0.45301115684168586,1.8984808997266653,0.9,1.017986751976423,1.0210182580631226,1.0498768460238352,0.0021800301848040105,full_action_abstract_mdp
maze_9,0.1,exact_model_minimization,abstraction:model_minimization,2,31,31,1.0,0.0,2.586746487722213e-12,0.0,0.02479941409546882,0.02486068697180599,0.02490894717629999,0.08590080129317647,full_action_abstract_mdp
maze_9,0.1,policy_kron_oracle,reduction:policy_kron_oracle,11,31,11,2.8181818181818183,2.58628051921836e-12,0.0,nan,0.003766809939406812,0.0037923958152532578,0.003806851920671761,0.5597184492150644,fixed_optimal_policy_only
maze_9,0.1,policy_kron_oracle,reduction:policy_kron_oracle,2,31,2,15.5,2.586746487722213e-12,0.0,nan,0.002537188003771007,0.0025776479160413146,0.002614018158055842,0.8019307426349322,fixed_optimal_policy_only
maze_9,0.1,policy_kron_oracle,reduction:policy_kron_oracle,4,31,4,7.75,2.586746487722213e-12,0.0,nan,0.003343035001307726,0.0035146321170032024,0.003569647087715566,0.6045287153624026,fixed_optimal_policy_only
maze_9,0.1,policy_kron_oracle,reduction:policy_kron_oracle,7,31,7,4.428571428571429,2.586746487722213e-12,0.0,nan,0.003651372971944511,0.003763035056181252,0.00383279996458441,0.5996125210629222,fixed_optimal_policy_only
maze_9,0.1,qstar_oracle_aggregation,abstraction:qstar_oracle,11,31,11,2.8181818181818183,0.31066782170630924,0.0013645847806654898,0.9,0.0054269308457151055,0.005433805985376239,0.005583684076555073,0.3801953799077805,full_action_abstract_mdp
maze_9,0.1,qstar_oracle_aggregation,abstraction:qstar_oracle,2,31,2,15.5,0.45301115684168586,1.8984808997266653,0.9,0.008698136080056429,0.00877860514447093,0.008834727923385799,0.2538606703528481,full_action_abstract_mdp
maze_9,0.1,qstar_oracle_aggregation,abstraction:qstar_oracle,4,31,4,7.75,0.2913443297264452,1.7981341758465907,0.9,0.006048369104973972,0.006049653049558401,0.00630363984964788,0.3549087863470441,full_action_abstract_mdp
maze_9,0.1,qstar_oracle_aggregation,abstraction:qstar_oracle,7,31,7,4.428571428571429,0.3920274635611485,1.3992173628722253,0.9,0.005740527878515422,0.005820158054120839,0.0066417219350114465,0.3629474312238593,full_action_abstract_mdp
open_room_12,0.0,epsilon_homogeneous,abstraction:model_minimization,15,144,2,72.0,0.6701126991835782,1.0477372490753787,1.0,25.205751808942296,25.284093997906893,25.331067743944004,6.175644788293047e-05,full_action_abstract_mdp
open_room_12,0.0,epsilon_homogeneous,abstraction:model_minimization,29,144,2,72.0,0.6701126991835782,1.0477372490753787,1.0,25.241755749913864,25.36865513306111,25.4207397531718,6.419295749739905e-05,full_action_abstract_mdp
open_room_12,0.0,epsilon_homogeneous,abstraction:model_minimization,51,144,2,72.0,0.6701126991835782,1.0477372490753787,1.0,24.985885811969638,25.457197648123838,25.683535381918773,6.71119692359529e-05,full_action_abstract_mdp
open_room_12,0.0,epsilon_homogeneous,abstraction:model_minimization,8,144,2,72.0,0.6701126991835782,1.0477372490753787,1.0,25.192644106107764,25.320214428007603,25.63455917814281,5.763940787045947e-05,full_action_abstract_mdp
open_room_12,0.0,exact_model_minimization,abstraction:model_minimization,8,144,144,1.0,0.0,0.0,0.0,0.5906515382230282,0.5923413699492812,0.6008324259892106,0.0024014462592381646,full_action_abstract_mdp
open_room_12,0.0,policy_kron_oracle,reduction:policy_kron_oracle,15,144,15,9.6,0.0,0.0,nan,0.01772379712201655,0.017841436085291207,0.018373215105384588,0.08041415775899595,fixed_optimal_policy_only
open_room_12,0.0,policy_kron_oracle,reduction:policy_kron_oracle,29,144,29,4.9655172413793105,0.0,0.0,nan,0.030887856031768024,0.031315067084506154,0.031922023044899106,0.0470062316542156,fixed_optimal_policy_only
open_room_12,0.0,policy_kron_oracle,reduction:policy_kron_oracle,51,144,51,2.823529411764706,2.1825072406138237e-16,0.0,nan,0.06269641185645014,0.06752688996493816,0.06781002692878246,0.02399946768309413,fixed_optimal_policy_only
open_room_12,0.0,policy_kron_oracle,reduction:policy_kron_oracle,8,144,8,18.0,0.0,0.0,nan,0.014134750934317708,0.015074727009050548,0.015305562992580235,0.09900499920167415,fixed_optimal_policy_only
open_room_12,0.0,qstar_oracle_aggregation,abstraction:qstar_oracle,15,144,15,9.6,0.06074269793775778,1.0477372490753787,1.0,0.00565367192029953,0.006004231981933117,0.0069768710527569056,0.2657124504001592,full_action_abstract_mdp
open_room_12,0.0,qstar_oracle_aggregation,abstraction:qstar_oracle,29,144,29,4.9655172413793105,0.006589829525396472,1.0477372490753787,1.0,0.006700622965581715,0.0069804079830646515,0.007153804996050894,0.2130389960456002,full_action_abstract_mdp
open_room_12,0.0,qstar_oracle_aggregation,abstraction:qstar_oracle,51,144,51,2.823529411764706,0.0,0.0,1.0,0.009196044178679585,0.009292950155213475,0.0096649358747527,0.14934944326627314,full_action_abstract_mdp
open_room_12,0.0,qstar_oracle_aggregation,abstraction:qstar_oracle,8,144,8,18.0,0.10548901213703342,1.0477372490753787,1.0,0.0060611049411818385,0.006147604086436331,0.006508059799671173,0.2728258763208965,full_action_abstract_mdp
open_room_12,0.05,epsilon_homogeneous,abstraction:model_minimization,15,144,2,72.0,0.6123943570988243,0.9648138513068155,0.95,25.282414152869023,25.31393971189391,25.399408750934526,0.00011703513186614583,full_action_abstract_mdp
open_room_12,0.05,epsilon_homogeneous,abstraction:model_minimization,29,144,2,72.0,0.6123943570988243,0.9648138513068155,0.95,25.08720004488714,25.204271273920313,25.274532684939913,0.00011682893741781953,full_action_abstract_mdp
open_room_12,0.05,epsilon_homogeneous,abstraction:model_minimization,51,144,2,72.0,0.6123943570988243,0.9648138513068155,0.95,24.844353504129685,25.19888377794996,25.21139728592243,0.00012013248516509173,full_action_abstract_mdp
open_room_12,0.05,epsilon_homogeneous,abstraction:model_minimization,8,144,2,72.0,0.6123943570988243,0.9648138513068155,0.95,25.301936042844318,25.312759488006122,25.406634507118724,0.00011957134049491667,full_action_abstract_mdp
open_room_12,0.05,exact_model_minimization,abstraction:model_minimization,8,144,144,1.0,0.0,1.2876796166290814e-12,0.0,0.6055283821187913,0.6234852750785649,0.6272989180870354,0.005070898337496441,full_action_abstract_mdp
open_room_12,0.05,policy_kron_oracle,reduction:policy_kron_oracle,15,144,15,9.6,1.2872607909284378e-12,0.0,nan,0.020582943921908736,0.020649112993851304,0.020835876930505037,0.13658195980954618,fixed_optimal_policy_only
open_room_12,0.05,policy_kron_oracle,reduction:policy_kron_oracle,29,144,29,4.9655172413793105,1.2874702037787596e-12,0.0,nan,0.03335822292137891,0.03344614710658789,0.03352540102787316,0.08518412613898746,fixed_optimal_policy_only
open_room_12,0.05,policy_kron_oracle,reduction:policy_kron_oracle,51,144,51,2.823529411764706,1.2870513780781158e-12,0.0,nan,0.06436103291343898,0.06443409202620387,0.0651095500215888,0.043870473261910736,fixed_optimal_policy_only
open_room_12,0.05,policy_kron_oracle,reduction:policy_kron_oracle,8,144,8,18.0,1.2874702037787596e-12,0.0,nan,0.01663590408861637,0.016731841024011374,0.018460668972693384,0.168403105031803,fixed_optimal_policy_only
open_room_12,0.05,qstar_oracle_aggregation,abstraction:qstar_oracle,15,144,15,9.6,0.0764658229372391,0.9647995961679303,0.9833333333333334,0.0073485440807417035,0.007547509856522083,0.008677109028212726,0.3992408499548994,full_action_abstract_mdp
open_room_12,0.05,qstar_oracle_aggregation,abstraction:qstar_oracle,29,144,29,4.9655172413793105,0.0028322427070477745,0.0838763783592474,0.9833333333333334,0.00977679609786719,0.009904926992021501,0.010852222796529531,0.2950164856083097,full_action_abstract_mdp
open_room_12,0.05,qstar_oracle_aggregation,abstraction:qstar_oracle,51,144,51,2.823529411764706,0.0047141171922345715,0.006711280391624563,0.9666666666666667,0.011970739113166928,0.012137588113546371,0.012543032062239945,0.23808419565386155,full_action_abstract_mdp
open_room_12,0.05,qstar_oracle_aggregation,abstraction:qstar_oracle,8,144,8,18.0,0.11084034961567255,0.5809308587869773,0.9666666666666667,0.007701808004640043,0.008104023872874677,0.008218745002523065,0.3762356337353425,full_action_abstract_mdp
open_room_12,0.1,epsilon_homogeneous,abstraction:model_minimization,15,144,2,72.0,0.5528855216994926,0.8805012346376451,0.9,24.97571962804068,24.9920773220947,25.287699112901464,0.00014359354364699213,full_action_abstract_mdp
open_room_12,0.1,epsilon_homogeneous,abstraction:model_minimization,29,144,2,72.0,0.5528855216994926,0.8805012346376451,0.9,24.7649240399478,24.904196109971963,24.989858912071213,0.00014564312137205714,full_action_abstract_mdp
open_room_12,0.1,epsilon_homogeneous,abstraction:model_minimization,51,144,2,72.0,0.5528855216994926,0.8805012346376451,0.9,24.129001484951004,24.301911390037276,24.813710790942423,0.00014363380458075025,full_action_abstract_mdp
open_room_12,0.1,epsilon_homogeneous,abstraction:model_minimization,8,144,2,72.0,0.5528855216994926,0.8805012346376451,0.9,24.968103755963966,25.094984862953424,25.21316298400052,0.00015235601751548386,full_action_abstract_mdp
open_room_12,0.1,exact_model_minimization,abstraction:model_minimization,8,144,144,1.0,0.0,4.804665755373555e-12,0.0,0.6034317590529099,0.6036111700814217,0.6054376049432904,0.005697685214473981,full_action_abstract_mdp
open_room_12,0.1,policy_kron_oracle,reduction:policy_kron_oracle,15,144,15,9.6,4.804064445571456e-12,0.0,nan,0.02125288301613182,0.02157909097149968,0.021692739916034043,0.15976097094894914,fixed_optimal_policy_only
open_room_12,0.1,policy_kron_oracle,reduction:policy_kron_oracle,29,144,29,4.9655172413793105,4.8042648821721555e-12,0.0,nan,0.033644796116277575,0.03431260702200234,0.035336817032657564,0.10277063698983445,fixed_optimal_policy_only
open_room_12,0.1,policy_kron_oracle,reduction:policy_kron_oracle,51,144,51,2.823529411764706,4.804064445571456e-12,0.0,nan,0.0650774110108614,0.06592375389300287,0.07016714196652174,0.05170113522548935,fixed_optimal_policy_only
open_room_12,0.1,policy_kron_oracle,reduction:policy_kron_oracle,8,144,8,18.0,4.804866191974255e-12,0.0,nan,0.018147204886190593,0.018177667981944978,0.018995485035702586,0.20721174351816243,fixed_optimal_policy_only
open_room_12,0.1,qstar_oracle_aggregation,abstraction:qstar_oracle,15,144,15,9.6,0.08176017952742132,0.8773048243922618,0.9333333333333333,0.008360722102224827,0.00836149719543755,0.00847597501706332,0.41689926833998403,full_action_abstract_mdp
open_room_12,0.1,qstar_oracle_aggregation,abstraction:qstar_oracle,29,144,29,4.9655172413793105,0.04174704272605129,0.8743469829246169,0.9666666666666667,0.010495326714590192,0.010594716877676547,0.010798420058563352,0.3258813631898464,full_action_abstract_mdp
open_room_12,0.1,qstar_oracle_aggregation,abstraction:qstar_oracle,51,144,51,2.823529411764706,0.009219021718150281,0.01266123374498197,0.9333333333333333,0.014350839890539646,0.014478046912699938,0.014773785951547325,0.24277456849028856,full_action_abstract_mdp
open_room_12,0.1,qstar_oracle_aggregation,abstraction:qstar_oracle,8,144,8,18.0,0.18582369034771748,0.8775336824508541,0.9333333333333333,0.009634133079089224,0.01003087405115366,0.010212395922280848,0.39114271926170746,full_action_abstract_mdp
open_room_9,0.0,epsilon_homogeneous,abstraction:model_minimization,17,81,2,40.5,0.8462032847083368,1.592377112516001,1.0,6.528116879984736,6.543106313911267,6.555337590049021,0.0001764260151882276,full_action_abstract_mdp
open_room_9,0.0,epsilon_homogeneous,abstraction:model_minimization,29,81,2,40.5,0.8462032847083368,1.592377112516001,1.0,6.428981999866664,6.456108439015225,6.624236207921058,0.00017037013836503174,full_action_abstract_mdp
open_room_9,0.0,epsilon_homogeneous,abstraction:model_minimization,5,81,2,40.5,0.8462032847083368,1.592377112516001,1.0,6.576896967017092,6.58172407199163,6.58603184716776,0.00016673153137544564,full_action_abstract_mdp
open_room_9,0.0,epsilon_homogeneous,abstraction:model_minimization,9,81,2,40.5,0.8462032847083368,1.592377112516001,1.0,6.538522123009898,6.763960571959615,6.767007852904499,0.00017776406089854796,full_action_abstract_mdp
open_room_9,0.0,exact_model_minimization,abstraction:model_minimization,5,81,81,1.0,0.0,0.0,0.0,0.1522352600004524,0.15239775588270277,0.15254757006186992,0.006661451264279754,full_action_abstract_mdp
open_room_9,0.0,policy_kron_oracle,reduction:policy_kron_oracle,17,81,17,4.764705882352941,0.0,0.0,nan,0.008788454928435385,0.009077550028450787,0.009224213077686727,0.1289140092295298,fixed_optimal_policy_only
open_room_9,0.0,policy_kron_oracle,reduction:policy_kron_oracle,29,81,29,2.793103448275862,0.0,0.0,nan,0.01398681802675128,0.014088905998505652,0.015136339119635522,0.07506382326041518,fixed_optimal_policy_only
open_room_9,0.0,policy_kron_oracle,reduction:policy_kron_oracle,5,81,5,16.2,0.0,0.0,nan,0.007600496872328222,0.007813911885023117,0.008372503099963069,0.12932890602131294,fixed_optimal_policy_only
open_room_9,0.0,policy_kron_oracle,reduction:policy_kron_oracle,9,81,9,9.0,0.0,0.0,nan,0.006897781975567341,0.007451571058481932,0.008501178002916276,0.1452005870029003,fixed_optimal_policy_only
open_room_9,0.0,qstar_oracle_aggregation,abstraction:qstar_oracle,17,81,17,4.764705882352941,0.03741682847867417,1.592377112516001,1.0,0.004244842100888491,0.004253730992786586,0.004266218049451709,0.2344652495915901,full_action_abstract_mdp
open_room_9,0.0,qstar_oracle_aggregation,abstraction:qstar_oracle,29,81,29,2.793103448275862,0.007922274191224512,1.592377112516001,1.0,0.005617060931399465,0.00570700119715184,0.006195931113325059,0.18617830820382744,full_action_abstract_mdp
open_room_9,0.0,qstar_oracle_aggregation,abstraction:qstar_oracle,5,81,5,16.2,0.37817233123734534,1.592377112516001,1.0,0.007053905050270259,0.007069250917993486,0.007183993002399802,0.16082226827632395,full_action_abstract_mdp
open_room_9,0.0,qstar_oracle_aggregation,abstraction:qstar_oracle,9,81,9,9.0,0.14525353925286857,1.592377112516001,1.0,0.004322146880440414,0.004332938930019736,0.004497932968661189,0.2389868765581386,full_action_abstract_mdp
open_room_9,0.05,epsilon_homogeneous,abstraction:model_minimization,17,81,2,40.5,0.7809779112384372,1.4766776659479381,0.95,6.590450559859164,6.614381770952605,6.625363381113857,0.00035290801014755183,full_action_abstract_mdp
open_room_9,0.05,epsilon_homogeneous,abstraction:model_minimization,29,81,2,40.5,0.7809779112384372,1.4766776659479381,0.95,6.528186148963869,6.531785582890734,6.563169094035402,0.0003479908995902771,full_action_abstract_mdp
open_room_9,0.05,epsilon_homogeneous,abstraction:model_minimization,5,81,2,40.5,0.7809779112384372,1.4766776659479381,0.95,6.706010706955567,6.741892042919062,6.882724288851023,0.0003391061334176427,full_action_abstract_mdp
open_room_9,0.05,epsilon_homogeneous,abstraction:model_minimization,9,81,2,40.5,0.7809779112384372,1.4766776659479381,0.95,6.621150989900343,6.6274569479282945,6.659014436998405,0.0003446211052415955,full_action_abstract_mdp
open_room_9,0.05,exact_model_minimization,abstraction:model_minimization,5,81,81,1.0,1.319902100718946e-16,2.0194502140999874e-12,0.0,0.1562439480330795,0.15659876400604844,0.16565217392053455,0.015194705788219425,full_action_abstract_mdp
open_room_9,0.05,policy_kron_oracle,reduction:policy_kron_oracle,17,81,17,4.764705882352941,2.0193182238899156e-12,0.0,nan,0.010317518026567996,0.010685261921025813,0.011126725119538605,0.20684742048413005,fixed_optimal_policy_only
open_room_9,0.05,policy_kron_oracle,reduction:policy_kron_oracle,29,81,29,2.793103448275862,2.0194502140999874e-12,0.0,nan,0.015954129048623145,0.016591569874435663,0.01668509398587048,0.13275514072443453,fixed_optimal_policy_only
open_room_9,0.05,policy_kron_oracle,reduction:policy_kron_oracle,5,81,5,16.2,2.0193182238899156e-12,0.0,nan,0.008681231993250549,0.008844911004416645,0.008969824993982911,0.2446849268807963,fixed_optimal_policy_only
open_room_9,0.05,policy_kron_oracle,reduction:policy_kron_oracle,9,81,9,9.0,2.0194502140999874e-12,0.0,nan,0.008210567058995366,0.008375460980460048,0.009640491916798055,0.2688887806752489,fixed_optimal_policy_only
open_room_9,0.05,qstar_oracle_aggregation,abstraction:qstar_oracle,17,81,17,4.764705882352941,0.042286585093002295,1.4724458411748893,0.9666666666666667,0.006167162908241153,0.0064972699619829655,0.006506509962491691,0.33965320638897534,full_action_abstract_mdp
open_room_9,0.05,qstar_oracle_aggregation,abstraction:qstar_oracle,29,81,29,2.793103448275862,0.004586546598186556,0.004194028392209867,0.9666666666666667,0.006776070804335177,0.0068027329398319125,0.006819683010689914,0.3128025208029752,full_action_abstract_mdp
open_room_9,0.05,qstar_oracle_aggregation,abstraction:qstar_oracle,5,81,5,16.2,0.36647914988792746,1.4766776659479386,0.9666666666666667,0.00838248583022505,0.008427158230915666,0.008609035750851035,0.26689424152863733,full_action_abstract_mdp
open_room_9,0.05,qstar_oracle_aggregation,abstraction:qstar_oracle,9,81,9,9.0,0.15058837234927167,0.3208854097673471,0.9833333333333334,0.005825870088301599,0.005890191067010164,0.006261087139137089,0.36609152248039367,full_action_abstract_mdp
open_room_9,0.1,epsilon_homogeneous,abstraction:model_minimization,17,81,2,40.5,0.7128246670905899,1.3570031009567722,0.9,6.5539923049509525,6.635830421932042,6.670185670955107,0.00046071027130075874,full_action_abstract_mdp
open_room_9,0.1,epsilon_homogeneous,abstraction:model_minimization,29,81,2,40.5,0.7128246670905899,1.3570031009567722,0.9,6.543902948964387,6.588259611860849,6.6811795339453965,0.00042130170385693005,full_action_abstract_mdp
open_room_9,0.1,epsilon_homogeneous,abstraction:model_minimization,5,81,2,40.5,0.7128246670905899,1.3570031009567722,0.9,6.509494087076746,6.62475546693895,6.689646660001017,0.00040504315362834546,full_action_abstract_mdp
open_room_9,0.1,epsilon_homogeneous,abstraction:model_minimization,9,81,2,40.5,0.7128246670905899,1.3570031009567722,0.9,6.596988703822717,6.648296453990042,6.742961233947426,0.00042588565894130607,full_action_abstract_mdp
open_room_9,0.1,exact_model_minimization,abstraction:model_minimization,5,81,81,1.0,0.0,5.863346531092314e-12,0.0,0.15685094997752458,0.15733640897087753,0.15743269107770175,0.017032437814089058,full_action_abstract_mdp
open_room_9,0.1,policy_kron_oracle,reduction:policy_kron_oracle,17,81,17,4.764705882352941,5.863346531092314e-12,0.0,nan,0.010667645023204386,0.011727022123523057,0.01273113302886486,0.24784205158472575,fixed_optimal_policy_only
open_room_9,0.1,policy_kron_oracle,reduction:policy_kron_oracle,29,81,29,2.793103448275862,5.862969402332971e-12,0.0,nan,0.016772287082858384,0.016851414926350117,0.017038014018908143,0.17201240957216613,fixed_optimal_policy_only
open_room_9,0.1,policy_kron_oracle,reduction:policy_kron_oracle,5,81,5,16.2,5.8630951119194185e-12,0.0,nan,0.007744368049316108,0.007829358917661011,0.007892503053881228,0.34008919541592997,fixed_optimal_policy_only
open_room_9,0.1,policy_kron_oracle,reduction:policy_kron_oracle,9,81,9,9.0,5.863472240678762e-12,0.0,nan,0.008625493966974318,0.009105153032578528,0.00913775700610131,0.2967712394245463,fixed_optimal_policy_only
open_room_9,0.1,qstar_oracle_aggregation,abstraction:qstar_oracle,17,81,17,4.764705882352941,0.06489180322046018,1.354305236301334,0.9333333333333333,0.006177405943162739,0.006188382161781192,0.006266063079237938,0.4261071724603792,full_action_abstract_mdp
open_room_9,0.1,qstar_oracle_aggregation,abstraction:qstar_oracle,29,81,29,2.793103448275862,0.017415528406367512,0.6598426337623621,0.9333333333333333,0.0075028869323432446,0.007625200203619897,0.008047376875765622,0.3488282604989335,full_action_abstract_mdp
open_room_9,0.1,qstar_oracle_aggregation,abstraction:qstar_oracle,5,81,5,16.2,0.35129983322605995,1.3340140352613514,0.9333333333333333,0.009284712141379714,0.009311716072261333,0.009353320929221809,0.300720907147345,full_action_abstract_mdp
open_room_9,0.1,qstar_oracle_aggregation,abstraction:qstar_oracle,9,81,9,9.0,0.13231408498115677,1.2879588771430757,0.9333333333333333,0.006720768986269832,0.00674838584382087,0.006992307025939226,0.39707271211422707,full_action_abstract_mdp
