map,slip,boundary_selector,method,n_states,n_boundary,state_compression_ratio,memory_compression_ratio,first_hit_used_steps_max,tail_bound_max,full_vi_time_sec,upfront_time_sec,smdp_solve_time_sec,total_time_unique_top_fallback_sec,total_time_with_tie_certificate_sec,planning_speedup,total_speedup_unique_top_fallback,total_speedup_tie_aware,unique_top_break_even_tasks,amortization_break_even_tasks,backup_compression_ratio,start_gap,value_gap_max,tie_mode,epsilon_optimal_certified,epsilon_optimality_gap_bound,tie_set_certified,tie_aware_fallback_used,curvature_fallback_used,interval_certified,fallback_used,ambiguous_set_size,fallback_reason,final_certified,tie_aware_final_certified,final_certificate
corridor_256,0.0,endpoints,certified_adaptive_green_rd,256,2.0,128.0,512.0,254.0,0.0,1.270582804980222,0.2432283589732833,0.0001685949973762,0.2433969539706595,0.2433969539706595,7536.301935134164,5.220208323286517,5.220208323286517,1,1,65536.0,0.0,0.0,,,,,,,,,,,,,
corridor_512,0.05,coverage_sqrt,certified_adaptive_green_rd,512,23.0,22.26086956521739,12.126482213438734,51.0,8.603043615054452e-07,5.754269839002518,8.459245469974121,0.205980422993889,8.66522589296801,8.66522589296801,27.93600360347465,0.6640646083643605,0.6640646083643605,2,2,70.03281830159301,1.1547812945877922e-06,2.1152764659859717e-06,,,,,,,,,,,,,
open_room_24,0.0,betweenness_sqrt,certified_adaptive_green_rd,576,24.0,24.0,4.173913043478261,45.0,0.0,0.5664379079826176,8.04503305797698,0.1944451949966605,8.23947825297364,8.23947825297364,2.913097996545225,0.06874681752794108,0.06874681752794108,22,22,7.006211180124224,0.0,7.105427357601002e-15,,,,,,,,,,,,,
open_room_32,0.1,graph_rd_surrogate_joint,certified_adaptive_green_rd,1024,2.0,512.0,8184.0,104.0,6.650106706875107e-07,2.4738782860222277,13.598261443985391,0.000248394004302,13.598509837989694,13.598509837989694,9959.49275415469,0.18192274855815732,0.18192274855815732,6,6,115712.0,0.140835709669659,0.140835709669659,,,,,,,,,,,,,
four_rooms_31,0.05,turn_articulation,certified_adaptive_green_rd,904,16.0,56.5,32.69090909090909,82.0,9.517043229550196e-07,1.8528007470013108,8.666667590965517,0.0188128539884928,8.68548044495401,8.68548044495401,98.48589417292035,0.21332161861900564,0.21332161861900564,5,5,236.04444444444445,0.0909421891837141,0.1882623642882066,,,,,,,,,,,,,
maze_31,0.0,endpoints,certified_adaptive_green_rd,449,2.0,224.5,898.0,151.0,0.0,1.4563381530169863,1.822874506993685,0.0001808330125641,1.823055340006249,1.823055340006249,8053.497159434285,0.7988447311818819,0.7988447311818819,2,2,68697.0,2.131628207280301e-14,2.131628207280301e-14,,,,,,,,,,,,,
corridor_256,0.0,turn_articulation,certified_adaptive_green_rd,256,2.0,128.0,512.0,254.0,0.0,1.25667527798214,0.2676823570218403,0.0001730640069581,0.2678554210287984,0.2678554210287984,7261.332382567434,4.691617862932962,4.691617862932962,1,1,65536.0,0.0,0.0,,,,,,,,,,,,,
corridor_512,0.1,endpoints,certified_adaptive_green_rd,512,2.0,256.0,3068.0,654.0,8.054969899699365e-07,6.285246459010523,0.5990192190220114,0.00017583600129,0.5991950550233014,0.5991950550233014,35744.935126477256,10.489483193024855,10.489483193024855,1,1,316416.0,3.5352343275008025e-10,3.5352343275008025e-10,,,,,,,,,,,,,
open_room_24,0.0,coverage_sqrt,certified_adaptive_green_rd,576,24.0,24.0,4.173913043478261,30.0,0.0,0.5564234349876642,5.970355687983101,0.0618143460014835,6.032170033984585,6.032170033984585,9.00152587514734,0.09224266422412425,0.09224266422412425,13,13,21.797101449275363,3.552713678800501e-15,7.105427357601002e-15,,,,,,,,,,,,,
open_room_32,0.1,betweenness_sqrt,certified_adaptive_green_rd,1024,32.0,32.0,1.9494997617913288,104.0,9.982317487760507e-07,2.4865268940047827,43.23709605200565,0.8316607769811526,44.0687568289868,44.0687568289868,2.98983306995748,0.056423803912917216,0.056423803912917216,27,27,6.861480075901328,0.1408357096694885,0.2401732015794166,,,,,,,,,,,,,
four_rooms_31,0.05,graph_rd_surrogate_joint,certified_adaptive_green_rd,904,2.0,452.0,7192.0,87.0,8.821549962699143e-07,1.7865761680004653,11.31706236297032,0.0001809230016078,11.317243285971928,11.317243285971928,9874.78735220504,0.15786319361137896,0.15786319361137896,7,7,84976.0,0.0909422045088845,0.0909422045088845,,,,,,,,,,,,,
maze_31,0.0,turn_articulation,certified_adaptive_green_rd,449,128.0,3.5078125,0.1104822834645669,11.0,0.0,1.4072074940195307,71.05117442298797,18.222272332990546,89.27344675597851,89.27344675597851,0.0772245891349044,0.015762889696261134,0.015762889696261134,,,0.2224182811852466,1.4210854715202004e-14,2.131628207280301e-14,,,,,,,,,,,,,
corridor_256,0.0,graph_rd_surrogate_joint,certified_adaptive_green_rd,256,2.0,128.0,512.0,254.0,0.0,1.2284601499850396,3.673498309974093,0.0001675870153121,3.673665896989405,3.673665896989405,7330.2824070038,0.3343962636863007,0.3343962636863007,3,3,65536.0,0.0,0.0,,,,,,,,,,,,,
corridor_512,0.1,turn_articulation,certified_adaptive_green_rd,512,2.0,256.0,3068.0,654.0,8.054969899699365e-07,6.101333105005324,0.6211280020361301,0.0002011350006796,0.6213291370368097,0.6213291370368097,30334.51703775431,9.819808441791874,9.819808441791874,1,1,316416.0,3.5352343275008025e-10,3.5352343275008025e-10,,,,,,,,,,,,,
open_room_24,0.05,endpoints,certified_adaptive_green_rd,576,2.0,288.0,4600.0,70.0,4.6014727875343133e-07,0.9370706930058076,0.5284953320224304,0.0001691149955149,0.5286644470179452,0.5286644470179452,5541.02662600867,1.7725245158655414,1.7725245158655414,1,1,44352.0,0.0863331990750424,0.0863331990750424,,,,,,,,,,,,,
open_room_32,0.1,coverage_sqrt,certified_adaptive_green_rd,1024,32.0,32.0,1.4225621414913958,95.0,9.997453347324686e-07,2.416176973987604,36.903256308985874,0.1360686699918005,37.039324978977675,37.039324978977675,17.757041162621796,0.06523274858164797,0.06523274858164797,17,17,42.41642228739003,0.1408354973452183,0.3321586530597891,,,,,,,,,,,,,
four_rooms_31,0.05,betweenness_sqrt,certified_adaptive_green_rd,904,31.0,29.161290322580644,4.046132208157525,42.0,9.89225263286004e-07,1.8228410059819,111.18783182898188,0.625946917978581,111.81377874696047,111.81377874696047,2.9121335270226134,0.016302472078213812,0.016302472078213812,93,93,6.41207319373703,0.0909406234202805,0.1639188543164245,,,,,,,,,,,,,
maze_31,0.0,graph_rd_surrogate_joint,certified_adaptive_green_rd,449,20.0,22.45,4.726315789473684,95.0,0.0,1.3930819270026404,4605.273911705997,0.3585287159949075,4605.632440421992,4605.632440421992,3.885551881491209,0.00030247353539897314,0.00030247353539897314,4452,4452,9.514819944598338,1.4210854715202004e-14,2.131628207280301e-14,,,,,,,,,,,,,
corridor_256,0.0,betweenness_sqrt,certified_adaptive_green_rd,256,16.0,16.0,4.266666666666667,120.0,0.0,1.2287227219785564,1.342137850006111,0.3975091830070596,1.7396470330131706,1.7396470330131706,3.091054935344059,0.7063057612614305,0.7063057612614305,2,2,8.031372549019608,2.131628207280301e-14,2.8421709430404014e-14,,,,,,,,,,,,,
corridor_512,0.1,graph_rd_surrogate_joint,certified_adaptive_green_rd,512,2.0,256.0,3068.0,654.0,8.054969899699365e-07,6.085577495017787,17.115207557973918,0.000197343993932,17.11540490196785,17.11540490196785,30837.40920493613,0.35556140972850114,0.35556140972850114,3,3,316416.0,3.5352343275008025e-10,3.5352343275008025e-10,,,,,,,,,,,,,
open_room_24,0.05,turn_articulation,certified_adaptive_green_rd,576,4.0,144.0,575.0,68.0,6.483392175545957e-07,0.9139707010181156,0.6824915390170645,0.0007953330059535,0.683286872023018,0.683286872023018,1149.1673225887216,1.337609045981095,1.337609045981095,1,1,3696.0,0.0863331855818252,0.0863331855818252,,,,,,,,,,,,,
four_rooms_21,0.0,endpoints,certified_adaptive_green_rd,404,2.0,202.0,808.0,39.0,0.0,0.3319944249815307,0.3234672659891657,0.0001978540094569,0.3236651199986226,0.3236651199986226,1677.976735941745,1.025734329923915,1.025734329923915,1,1,16564.0,7.105427357601002e-15,7.105427357601002e-15,,,,,,,,,,,,,
four_rooms_31,0.05,coverage_sqrt,certified_adaptive_green_rd,904,31.0,29.161290322580644,4.1297731840367495,46.0,9.970056615841262e-07,1.762670825002715,25.33871677401476,0.1161607209942303,25.45487749500899,25.45487749500899,15.174413604838644,0.06924687912359141,0.06924687912359141,16,16,36.54881720430107,0.0909412180473907,0.1882622787224654,,,,,,,,,,,,,
maze_31,0.0,betweenness_sqrt,certified_adaptive_green_rd,449,22.0,20.40909090909091,3.887445887445888,117.0,0.0,1.3896226910001133,114.9516466250352,0.0860606750065926,115.03770730004179,115.03770730004179,16.147011290507095,0.012079714761488544,0.012079714761488544,89,89,39.65194805194805,2.131628207280301e-14,2.131628207280301e-14,,,,,,,,,,,,,
corridor_256,0.0,coverage_sqrt,certified_adaptive_green_rd,256,16.0,16.0,4.266666666666667,30.0,0.0,1.1496961129887495,1.1450901619973592,0.0457016639993526,1.1907918259967119,1.1907918259967119,25.15654819494178,0.965488751173141,0.965488751173141,2,2,68.26666666666667,1.4210854715202004e-14,2.8421709430404014e-14,,,,,,,,,,,,,
corridor_512,0.1,betweenness_sqrt,certified_adaptive_green_rd,512,23.0,22.26086956521739,6.62634989200864,331.0,9.81559411552983e-07,5.769515677005984,8.241222746990388,1.7117633750021923,9.95298612199258,9.95298612199258,3.3705100607136163,0.5796768533874868,0.5796768533874868,3,3,8.255155950377647,1.604547605893458e-09,3.1540976479504934e-06,,,,,,,,,,,,,
open_room_24,0.05,graph_rd_surrogate_joint,certified_adaptive_green_rd,576,2.0,288.0,4600.0,70.0,4.6014727875343133e-07,0.8477861430146731,4.068259395018686,0.0001640199916437,4.068423415010329,4.068423415010329,5168.797623500537,0.20838198401051153,0.20838198401051153,5,5,44352.0,0.0863331990750424,0.0863331990750424,,,,,,,,,,,,,
four_rooms_21,0.0,turn_articulation,certified_adaptive_green_rd,404,16.0,25.25,6.733333333333333,21.0,0.0,0.316832724987762,1.4612658169935455,0.0178328959736973,1.4790987129672428,1.4790987129672428,17.76675675420726,0.21420661258785018,0.21420661258785018,5,5,46.01111111111111,0.0,3.552713678800501e-15,,,,,,,,,,,,,
four_rooms_31,0.1,endpoints,certified_adaptive_green_rd,904,2.0,452.0,7192.0,104.0,6.176122526936698e-07,1.976818580005784,1.641508785978658,0.0001927999837789,1.6417015859624369,1.6417015859624369,10253.20926516294,1.2041278371835689,1.2041278371835689,1,1,100344.0,0.1752331475527206,0.1752331475527206,,,,,,,,,,,,,
maze_31,0.0,coverage_sqrt,certified_adaptive_green_rd,449,22.0,20.40909090909091,3.887445887445888,85.0,0.0,1.3343724110163748,256.0272019429831,0.0467435510072391,256.0739454939903,256.0739454939903,28.54666327788664,0.005210887067960963,0.005210887067960963,199,199,74.34740259740259,1.4210854715202004e-14,2.8421709430404014e-14,,,,,,,,,,,,,
corridor_256,0.05,endpoints,certified_adaptive_green_rd,256,2.0,128.0,1532.0,305.0,7.437908214371829e-07,1.3868020079971757,0.2353592000144999,0.000142325006891,0.23550152502139088,0.23550152502139088,9743.909649404428,5.888717739179017,5.888717739179017,1,1,78592.0,6.662048690486698e-11,6.662048690486698e-11,,,,,,,,,,,,,
corridor_512,0.1,coverage_sqrt,certified_adaptive_green_rd,512,23.0,22.26086956521739,12.126482213438734,61.0,8.116934861329807e-07,5.856760480994126,8.784712278982624,0.201654113974655,8.98636639295728,8.98636639295728,29.043595320501293,0.6517384474312262,0.6517384474312262,2,2,75.79734099892202,1.250617302162027e-06,1.2990997930728554e-06,,,,,,,,,,,,,
open_room_24,0.05,betweenness_sqrt,certified_adaptive_green_rd,576,24.0,24.0,2.569832402234637,70.0,9.893768543896825e-07,0.85329302601167,9.837171011022292,0.29935150698293,10.136522518005222,10.136522518005222,2.8504717902099204,0.08418005528976918,0.08418005528976918,18,18,6.838112858464385,0.0863331990747937,0.1047554695840347,,,,,,,,,,,,,
four_rooms_21,0.0,graph_rd_surrogate_joint,certified_adaptive_green_rd,404,2.0,202.0,808.0,39.0,0.0,0.3084001989918761,2.0902904179820325,0.000150879001012,2.0904412969830446,2.0904412969830446,2044.0233360718016,0.14752875358756248,0.14752875358756248,7,7,16564.0,7.105427357601002e-15,7.105427357601002e-15,,,,,,,,,,,,,
four_rooms_31,0.1,turn_articulation,certified_adaptive_green_rd,904,16.0,56.5,12.507826086956522,98.0,9.937969325740389e-07,1.9485398159886245,8.054226417996688,0.0174364720005542,8.071662889997242,8.071662889997242,111.75080692508736,0.24140500446362054,0.24140500446362054,5,5,278.7333333333333,0.1748504324060817,0.3703602691849603,,,,,,,,,,,,,
maze_31,0.05,endpoints,certified_adaptive_green_rd,449,2.0,224.5,2690.0,189.0,7.004273918269053e-07,1.666591976012569,2.082707305002259,0.0001791270042303,2.0828864320064895,2.0828864320064895,9303.96833896123,0.8001357877237238,0.8001357877237238,2,2,88004.0,4.0948364699033846e-09,4.0948364699033846e-09,,,,,,,,,,,,,
corridor_256,0.05,turn_articulation,certified_adaptive_green_rd,256,2.0,128.0,1532.0,305.0,7.437908214371829e-07,1.5415003889938816,0.2868749780172948,0.0002314029843546,0.28710638100164937,0.28710638100164937,6661.540659438512,5.369091357760613,5.369091357760613,1,1,78592.0,6.662048690486698e-11,6.662048690486698e-11,,,,,,,,,,,,,
corridor_1024,0.0,endpoints,certified_adaptive_green_rd,1024,2.0,512.0,4096.0,1022.0,0.0,10.739926827023735,2.367182057059836,0.0001492819865234,2.3673313390463595,2.3673313390463595,71943.89006431689,4.536723123578526,4.536723123578526,1,1,775168.0,3.228102229968499e-09,3.228102229968499e-09,,,,,,,,,,,,,
open_room_24,0.05,coverage_sqrt,certified_adaptive_green_rd,576,24.0,24.0,1.7871017871017871,62.0,9.9551615916511e-07,0.9086976670078002,10.014541601995006,0.0687813319964334,10.08332293399144,10.08332293399144,13.211399672441928,0.09011886983650301,0.09011886983650301,12,12,35.710144927536234,0.0863329525550362,0.1517345519102519,,,,,,,,,,,,,
four_rooms_21,0.0,betweenness_sqrt,certified_adaptive_green_rd,404,21.0,19.23809523809524,3.847619047619048,13.0,0.0,0.3491318419983145,12.195245676994093,0.1485315390164032,12.343777216010496,12.343777216010496,2.350556954504845,0.0282840362304557,0.0282840362304557,61,61,5.4397372742200325,3.552713678800501e-15,7.105427357601002e-15,,,,,,,,,,,,,
four_rooms_31,0.1,graph_rd_surrogate_joint,certified_adaptive_green_rd,904,2.0,452.0,7192.0,104.0,6.176122526936698e-07,2.087724579992937,12.137792892986909,0.000175298016984,12.137968191003893,12.137968191003893,11909.573285037806,0.17199950989657914,0.17199950989657914,6,6,100344.0,0.1752331475527206,0.1752331475527206,,,,,,,,,,,,,
maze_31,0.05,turn_articulation,certified_adaptive_green_rd,449,128.0,3.5078125,0.1701024408751739,27.0,9.741116853972568e-07,1.8303615409822669,109.80815958601306,20.728973646007944,130.537133232021,130.537133232021,0.0882996704149297,0.014021769098674183,0.014021769098674183,,,0.2673398464080879,5.49732543220216e-06,6.9952379391224895e-06,,,,,,,,,,,,,
corridor_256,0.05,graph_rd_surrogate_joint,certified_adaptive_green_rd,256,2.0,128.0,1532.0,305.0,7.437908214371829e-07,1.54424560899497,4.537574424000923,0.0002242799964733,4.537798703997396,4.537798703997396,6885.347036192407,0.3403072083463349,0.3403072083463349,3,3,78592.0,6.662048690486698e-11,6.662048690486698e-11,,,,,,,,,,,,,
corridor_1024,0.0,turn_articulation,certified_adaptive_green_rd,1024,2.0,512.0,4096.0,1022.0,0.0,13.088638976973016,2.2884126189746894,0.000140088959597,2.2885527079342864,2.2885527079342864,93430.91000619104,5.719177422305121,5.719177422305121,1,1,775168.0,3.228102229968499e-09,3.228102229968499e-09,,,,,,,,,,,,,
open_room_24,0.1,endpoints,certified_adaptive_green_rd,576,2.0,288.0,4600.0,83.0,7.417093088803148e-07,1.1243689190014263,0.5355436410172842,0.0001725670008454,0.5357162080181297,0.5357162080181297,6515.549980545951,2.0988144509590336,2.0988144509590336,1,1,52992.0,0.1761790736975612,0.1761790736975612,,,,,,,,,,,,,
four_rooms_21,0.0,coverage_sqrt,certified_adaptive_green_rd,404,21.0,19.23809523809524,3.847619047619048,25.0,0.0,0.3471369189792312,5.517824779992225,0.0383644589746836,5.556189238966908,5.556189238966908,9.048398654814958,0.06247751904212971,0.06247751904212971,18,18,22.536054421768707,0.0,7.105427357601002e-15,,,,,,,,,,,,,
four_rooms_31,0.1,betweenness_sqrt,certified_adaptive_green_rd,904,31.0,29.161290322580644,3.9669056811913954,53.0,9.997211182106354e-07,2.1804521619924344,124.07869301800385,0.6787025869998615,124.75739560500371,124.75739560500371,3.2126769571203644,0.017477538316814478,0.017477538316814478,83,83,6.850588837685612,0.175231048999521,0.3328759964961065,,,,,,,,,,,,,
maze_31,0.05,graph_rd_surrogate_joint,certified_adaptive_green_rd,449,20.0,22.45,7.8425655976676385,125.0,7.97631719873903e-07,1.984382670983905,3809.326604203001,0.4738509619783144,3809.800455164979,3809.800455164979,4.18777807836279,0.0005208626263597771,0.0005208626263597771,2522,2522,11.43651721897336,3.710615480656543e-06,3.710615480656543e-06,,,,,,,,,,,,,
corridor_256,0.05,betweenness_sqrt,certified_adaptive_green_rd,256,16.0,16.0,7.260663507109005,153.0,8.159167944983663e-07,1.5255458949832246,1.6371053859766107,0.4475360859942157,2.0846414719708264,2.0846414719708264,3.40876622629028,0.7318025259954983,0.7318025259954983,2,2,8.505627705627706,2.6678770836952026e-07,1.0397533429795658e-06,,,,,,,,,,,,,
corridor_1024,0.0,graph_rd_surrogate_joint,certified_adaptive_green_rd,1024,2.0,512.0,4096.0,1022.0,0.0,13.194704154040664,32.100103582954034,0.0001397489686496,32.100243331922684,32.100243331922684,94417.18448111913,0.4110468577326623,0.4110468577326623,3,3,775168.0,3.228102229968499e-09,3.228102229968499e-09,,,,,,,,,,,,,
open_room_24,0.1,turn_articulation,certified_adaptive_green_rd,576,4.0,144.0,575.0,81.0,7.441609053743481e-07,1.1100616100011391,0.6794924910354894,0.0008027319854591,0.6802952230209485,0.6802952230209485,1382.8545892141883,1.6317351238654174,1.6317351238654174,1,1,4416.0,0.1761790687056219,0.1761790687056219,,,,,,,,,,,,,
four_rooms_21,0.05,endpoints,certified_adaptive_green_rd,404,2.0,202.0,3192.0,64.0,5.182809195708622e-07,0.5965723230037838,0.3504449969914276,0.0001537959906272,0.3505987929820548,0.3505987929820548,3878.9848849157615,1.7015812231684408,1.7015812231684408,1,1,28684.0,0.0980428218044124,0.0980428218044124,,,,,,,,,,,,,
four_rooms_31,0.1,coverage_sqrt,certified_adaptive_green_rd,904,31.0,29.161290322580644,2.462592021914056,56.0,9.9919377837688e-07,2.148318733990891,24.251340724993497,0.1256708249857183,24.377011549979215,24.377011549979215,17.09480887258465,0.08812888034229621,0.08812888034229621,12,12,39.235190615835776,0.1748499547057704,0.3703600082331029,,,,,,,,,,,,,
maze_31,0.05,betweenness_sqrt,certified_adaptive_green_rd,449,22.0,20.40909090909091,6.708229426433915,150.0,9.011633934211916e-07,1.858619217993692,154.70353840000462,0.1896225509990472,154.89316095100367,154.89316095100367,9.801678166448832,0.011999362699955596,0.011999362699955596,93,93,23.089072543618,1.5388874885502446e-07,4.868158782755927e-07,,,,,,,,,,,,,
corridor_256,0.05,coverage_sqrt,certified_adaptive_green_rd,256,16.0,16.0,12.766666666666667,50.0,8.603043615054452e-07,1.5350149490113836,1.7459731970157009,0.0482083300012163,1.7941815270169172,1.7941815270169172,31.841280313436545,0.8555516406210942,0.8555516406210942,2,2,81.86666666666666,1.1502312773359336e-06,2.1030833892154988e-06,,,,,,,,,,,,,
corridor_1024,0.0,betweenness_sqrt,certified_adaptive_green_rd,1024,32.0,32.0,4.137373737373737,496.0,0.0,15.65824272998725,36.88272383599542,6.49073984802817,43.37346368402359,43.37346368402359,2.4123972145862678,0.36100973729139574,0.36100973729139574,5,5,5.943058670193395,3.228102229968499e-09,3.228102229968499e-09,,,,,,,,,,,,,
open_room_24,0.1,graph_rd_surrogate_joint,certified_adaptive_green_rd,576,2.0,288.0,4600.0,83.0,7.417093088803148e-07,1.11284761299612,4.86074502998963,0.0002083699801005,4.8609533999697305,4.8609533999697305,5340.729084195097,0.2289360792891061,0.2289360792891061,5,5,52992.0,0.1761790736975612,0.1761790736975612,,,,,,,,,,,,,
four_rooms_21,0.05,turn_articulation,certified_adaptive_green_rd,404,16.0,25.25,5.099041533546326,58.0,9.794969860048736e-07,0.599150947004091,2.420087781007169,0.0213539950200356,2.4414417760272045,2.4414417760272045,28.05802597789922,0.2454086568384397,0.2454086568384397,5,5,68.29523809523809,0.0980427856098522,0.188086171203146,,,,,,,,,,,,,
maze_21,0.0,endpoints,certified_adaptive_green_rd,199,2.0,99.5,398.0,75.0,0.0,0.3191160319838673,0.2875064269755967,0.0001819129975046,0.2876883399731013,0.2876883399731013,1754.2233724977734,1.1092421472962877,1.1092421472962877,1,1,15323.0,1.7763568394002505e-14,1.7763568394002505e-14,,,,,,,,,,,,,
maze_31,0.05,coverage_sqrt,certified_adaptive_green_rd,449,22.0,20.40909090909091,7.051114023591087,114.0,9.937394244163597e-07,1.895966333016986,378.2122516939999,0.0461974419886246,378.25844913598854,378.25844913598854,41.04050465573044,0.005012356861684702,0.005012356861684702,205,205,95.24242424242424,7.614613153350547e-07,9.876648618956096e-07,,,,,,,,,,,,,
corridor_256,0.1,endpoints,certified_adaptive_green_rd,256,2.0,128.0,1532.0,342.0,7.245044880825599e-07,1.6949587099952623,0.2386063330050092,0.0001884239900391,0.2387947569950483,0.2387947569950483,8995.45068355174,7.097972884012732,7.097972884012732,1,1,87296.0,8.284217756227008e-11,8.284217756227008e-11,,,,,,,,,,,,,
corridor_1024,0.0,coverage_sqrt,certified_adaptive_green_rd,1024,32.0,32.0,4.137373737373737,62.0,0.0,15.865134477993706,30.7915658900165,0.3358761699928436,31.127442060009344,31.127442060009344,47.23507022939953,0.5096832064584026,0.5096832064584026,2,2,111.85685425685426,3.210914201190462e-09,3.210914201190462e-09,,,,,,,,,,,,,
open_room_24,0.1,betweenness_sqrt,certified_adaptive_green_rd,576,24.0,24.0,2.184235517568851,83.0,9.79137460301936e-07,1.0853242529847194,10.66457578301197,0.3795019540120847,11.044077737024054,11.044077737024054,2.8598647293135118,0.09827205845774603,0.09827205845774603,16,16,6.857142857142857,0.1761790734255619,0.2271428446737573,,,,,,,,,,,,,
four_rooms_21,0.05,graph_rd_surrogate_joint,certified_adaptive_green_rd,404,2.0,202.0,3192.0,64.0,5.182809195708622e-07,0.5981793460086919,2.8494396769965533,0.0001618319947738,2.849601508991327,2.849601508991327,3696.2984164208106,0.20991684069553618,0.20991684069553618,5,5,28684.0,0.0980428218044124,0.0980428218044124,,,,,,,,,,,,,
maze_21,0.0,turn_articulation,certified_adaptive_green_rd,199,52.0,3.826923076923077,0.3001508295625942,13.0,0.0,0.3161995119880885,4.033406211994588,1.144376153999474,5.177782365994062,5.177782365994062,0.2763073233245944,0.06106852116164264,0.06106852116164264,,,0.6603318250377074,7.105427357601002e-15,1.0658141036401504e-14,,,,,,,,,,,,,
maze_31,0.1,endpoints,certified_adaptive_green_rd,449,2.0,224.5,2690.0,214.0,9.201331762269024e-07,2.005816448014229,2.467607137019513,0.0002325490058865,2.4678396860253997,2.4678396860253997,8625.349484370032,0.8127823129567683,0.8127823129567683,2,2,99229.0,3.1214213436214773e-09,3.1214213436214773e-09,,,,,,,,,,,,,
corridor_256,0.1,turn_articulation,certified_adaptive_green_rd,256,2.0,128.0,1532.0,342.0,7.245044880825599e-07,1.5385588189819828,0.2669188570289407,0.0001425559748895,0.2670614130038302,0.2670614130038302,10792.664566841684,5.761067470124996,5.761067470124996,1,1,87296.0,8.284217756227008e-11,8.284217756227008e-11,,,,,,,,,,,,,
corridor_1024,0.05,endpoints,certified_adaptive_green_rd,1024,2.0,512.0,12280.0,1024.0,0.9999999999999531,13.432472226035316,2.3401110229897317,0.0001334699918515,2.3402444929815833,2.3402444929815833,100640.391444472,5.7397730306895,5.7397730306895,1,1,775168.0,3.228095124541141e-09,3.228095124541141e-09,,,,,,,,,,,,,
open_room_24,0.1,coverage_sqrt,certified_adaptive_green_rd,576,24.0,24.0,1.5000815261699003,76.0,9.982336805445478e-07,0.9995714650140144,10.008482920005918,0.0665760959964245,10.075059016002342,10.075059016002342,15.013969354221311,0.09921246748295792,0.09921246748295792,11,11,38.4,0.1761788560468069,0.322884650641722,,,,,,,,,,,,,
four_rooms_21,0.05,betweenness_sqrt,certified_adaptive_green_rd,404,21.0,19.23809523809524,5.148387096774194,31.0,9.861776467195462e-07,0.5440716960001737,18.584171092981705,0.2116485900187399,18.795819683000445,18.795819683000445,2.5706369976383976,0.02894642027728378,0.02894642027728378,56,56,6.353045404208195,0.0980417917735678,0.1390523590160981,,,,,,,,,,,,,
maze_21,0.0,graph_rd_surrogate_joint,certified_adaptive_green_rd,199,20.0,9.95,2.094736842105263,13.0,0.0,0.2840327240119222,338.53858470299747,0.1489101749903056,338.6874948779878,338.6874948779878,1.907409779287502,0.000838627727056309,0.000838627727056309,2506,2506,4.608421052631579,7.105427357601002e-15,1.0658141036401504e-14,,,,,,,,,,,,,
maze_31,0.1,turn_articulation,certified_adaptive_green_rd,449,128.0,3.5078125,0.1680934824720364,34.0,9.939571411504955e-07,1.9184865860152056,110.41179564097548,20.16232975799357,130.57412539896904,130.57412539896904,0.0951520290086814,0.014692701024443186,0.014692701024443186,,,0.2941757186225215,5.014734497876816e-06,6.157244136772988e-06,,,,,,,,,,,,,
corridor_256,0.1,graph_rd_surrogate_joint,certified_adaptive_green_rd,256,2.0,128.0,1532.0,342.0,7.245044880825599e-07,1.6635740629862994,4.886681723990478,0.0002244990027975,4.886906222993275,4.886906222993275,7410.162371574726,0.3404145664099412,0.3404145664099412,3,3,87296.0,8.284217756227008e-11,8.284217756227008e-11,,,,,,,,,,,,,
corridor_1024,0.05,turn_articulation,certified_adaptive_green_rd,1024,2.0,512.0,12280.0,1024.0,0.9999999999999531,13.087753477972,2.301321508944966,0.0001714919926598,2.3014930009376258,2.3014930009376258,76316.9946011995,5.686636228152796,5.686636228152796,1,1,775168.0,3.228095124541141e-09,3.228095124541141e-09,,,,,,,,,,,,,
open_room_32,0.0,endpoints,certified_adaptive_green_rd,1024,2.0,512.0,2048.0,61.0,0.0,1.3538023440050893,1.6924016829871107,0.000211806007428,1.6926134889945388,1.6926134889945388,6391.70890591801,0.799829584726568,0.799829584726568,2,2,64512.0,1.7763568394002505e-14,1.7763568394002505e-14,,,,,,,,,,,,,
four_rooms_21,0.05,coverage_sqrt,certified_adaptive_green_rd,404,21.0,19.23809523809524,1.9795348837209303,58.0,9.940728009278009e-07,0.5961109120107722,10.124059130990643,0.0438717420038301,10.167930872994473,10.167930872994473,13.58758245703418,0.05862657009146409,0.05862657009146409,19,19,34.147619047619045,0.0980427926754501,0.1816369307727647,,,,,,,,,,,,,
maze_21,0.0,betweenness_sqrt,certified_adaptive_green_rd,199,15.0,13.266666666666667,3.7904761904761903,60.0,0.0,0.3192350319877732,5.664295214985032,0.0441120420000515,5.708407256985083,5.708407256985083,7.236913493766621,0.05592366094713053,0.05592366094713053,21,21,17.16862745098039,2.131628207280301e-14,2.131628207280301e-14,,,,,,,,,,,,,
maze_31,0.1,graph_rd_surrogate_joint,certified_adaptive_green_rd,449,20.0,22.45,7.642045454545454,143.0,8.941296339960189e-07,2.0018175459990744,6586.787507381989,0.4109643629926722,6587.198471744981,6587.198471744981,4.871024658736086,0.00030389513153211294,0.00030389513153211294,4141,4141,12.584527584020291,3.3340006595494742e-06,3.3340006595494742e-06,,,,,,,,,,,,,
corridor_256,0.1,betweenness_sqrt,certified_adaptive_green_rd,256,16.0,16.0,7.260663507109005,175.0,9.5783924364406e-07,1.676223556016339,1.7833026300068011,0.4796785210201051,2.2629811510269064,2.2629811510269064,3.494472824114804,0.7407147670035582,0.7407147670035582,2,2,8.871544715447154,1.3058876646709905e-07,2.4584309699093865e-06,,,,,,,,,,,,,
corridor_1024,0.05,graph_rd_surrogate_joint,certified_adaptive_green_rd,1024,2.0,512.0,12280.0,1024.0,0.9999999999999531,13.502726118953433,31.984681895002723,0.0001541409874334,31.984836035990156,31.984836035990156,87599.84183168298,0.4221602419271376,0.4221602419271376,3,3,775168.0,3.228095124541141e-09,3.228095124541141e-09,,,,,,,,,,,,,
open_room_32,0.0,turn_articulation,certified_adaptive_green_rd,1024,4.0,256.0,341.3333333333333,30.0,0.0,1.3974017369910143,1.8498747100238688,0.0006389070185832,1.850513617042452,1.850513617042452,2187.175436090303,0.7551426393848346,0.7551426393848346,2,2,7168.0,1.7763568394002505e-14,1.7763568394002505e-14,,,,,,,,,,,,,
four_rooms_21,0.1,endpoints,certified_adaptive_green_rd,404,2.0,202.0,3192.0,77.0,8.318198320972582e-07,0.7100888720015064,0.3879110130073968,0.0001718639978207,0.3880828770052175,0.3880828770052175,4131.690644960156,1.829735126376008,1.829735126376008,1,1,34340.0,0.1962258512372336,0.1962258512372336,,,,,,,,,,,,,
maze_21,0.0,coverage_sqrt,certified_adaptive_green_rd,199,15.0,13.266666666666667,3.7904761904761903,29.0,0.0,0.3116432960086968,10.038154316018336,0.0269797820074018,10.065134098025737,10.065134098025737,11.550993848771592,0.030962657126428667,0.030962657126428667,36,36,36.48333333333333,1.0658141036401504e-14,1.0658141036401504e-14,,,,,,,,,,,,,
maze_31,0.1,betweenness_sqrt,certified_adaptive_green_rd,449,22.0,20.40909090909091,6.545012165450122,171.0,9.297428565592456e-07,2.078541725000832,176.84267726598773,0.2388999169925227,177.08157718298025,177.08157718298025,8.700470687337608,0.011737763792633566,0.011737763792633566,97,97,22.028860028860027,1.027222609195633e-07,8.330382428312078e-07,,,,,,,,,,,,,
corridor_256,0.1,coverage_sqrt,certified_adaptive_green_rd,256,16.0,16.0,12.766666666666667,60.0,9.079483037769256e-07,1.6657983130135108,1.8540530920145104,0.0488973689789418,1.9029504609934522,1.9029504609934522,34.06723813158342,0.875376604467079,0.875376604467079,2,2,90.93333333333334,1.2488043950042993e-06,1.2939989417759534e-06,,,,,,,,,,,,,
corridor_1024,0.05,betweenness_sqrt,certified_adaptive_green_rd,1024,32.0,32.0,6.602150537634409,575.0,6.775522056205039e-07,15.366111202980392,35.643864450015826,8.71048153997981,44.354345989995636,44.354345989995636,1.7640943422533226,0.3464398101247238,0.3464398101247238,6,6,4.302186702186702,3.2274343197968847e-09,9.705105853186067e-06,,,,,,,,,,,,,
open_room_32,0.0,graph_rd_surrogate_joint,certified_adaptive_green_rd,1024,2.0,512.0,2048.0,61.0,0.0,1.3629132329951972,9.5395701439993,0.0001614810025785,9.53973162500188,9.53973162500188,8440.084042285722,0.14286704139802556,0.14286704139802556,8,8,64512.0,1.7763568394002505e-14,1.7763568394002505e-14,,,,,,,,,,,,,
four_rooms_21,0.1,turn_articulation,certified_adaptive_green_rd,404,16.0,25.25,4.427184466019417,71.0,9.793457844379232e-07,0.7046075810212642,2.4154210179985967,0.0208367180021014,2.436257736000698,2.436257736000698,33.8156700565897,0.2892171754282168,0.2892171754282168,4,4,81.76190476190476,0.1962258168639081,0.3848502504439821,,,,,,,,,,,,,
maze_21,0.05,endpoints,certified_adaptive_green_rd,199,2.0,99.5,1190.0,102.0,6.311120353918492e-07,0.4433476489793975,0.3234467380098067,0.0001486469991505,0.32359538500895724,0.32359538500895724,2982.5536439553657,1.3700678981164254,1.3700678981164254,1,1,21890.0,2.9736689555193152e-08,2.9736689555193152e-08,,,,,,,,,,,,,
maze_31,0.1,coverage_sqrt,certified_adaptive_green_rd,449,22.0,20.40909090909091,6.699875466998755,131.0,9.941318381234203e-07,2.077093696978409,407.0327292830043,0.0471467580064199,407.0798760410107,407.0798760410107,44.05591783629259,0.005102422937677113,0.005102422937677113,201,201,107.39069264069263,1.2345272324409962e-06,1.3368298894533837e-06,,,,,,,,,,,,,
corridor_512,0.0,endpoints,certified_adaptive_green_rd,512,2.0,256.0,1024.0,510.0,0.0,5.117841928993585,0.7675785930186976,0.0001925830147229,0.7677711760334205,0.7677711760334205,26574.731610454244,6.665842752047791,6.665842752047791,1,1,262144.0,1.4210854715202004e-14,1.4210854715202004e-14,,,,,,,,,,,,,
corridor_1024,0.05,coverage_sqrt,certified_adaptive_green_rd,1024,32.0,32.0,12.404040404040405,87.0,6.580091979867412e-07,15.799323842016747,41.66386924101971,0.4233795889886096,42.08724883000832,42.08724883000832,37.31715995038629,0.37539455016009,0.37539455016009,3,3,115.99970071081182,7.082048938400476e-07,8.816971828196074e-07,,,,,,,,,,,,,
open_room_32,0.0,betweenness_sqrt,certified_adaptive_green_rd,1024,32.0,32.0,4.129032258064516,61.0,0.0,1.4035453329852317,42.72589358501136,0.4933585280086845,43.21925211302005,43.21925211302005,2.844879034827437,0.032475002790767996,0.032475002790767996,47,47,7.030514385353095,1.4210854715202004e-14,1.4210854715202004e-14,,,,,,,,,,,,,
four_rooms_21,0.1,graph_rd_surrogate_joint,certified_adaptive_green_rd,404,2.0,202.0,3192.0,77.0,8.318198320972582e-07,0.7537689080054406,3.5873567080125213,0.0002333009906578,3.587590009003179,3.587590009003179,3230.88601501392,0.210104528698606,0.210104528698606,5,5,34340.0,0.1962258512372336,0.1962258512372336,,,,,,,,,,,,,
maze_21,0.05,turn_articulation,certified_adaptive_green_rd,199,52.0,3.826923076923077,0.4711005542359461,29.0,9.741116853972566e-07,0.4757627560175024,8.101873719046125,1.4478944159927778,9.549768135038903,9.549768135038903,0.3285893990352094,0.04981929920077209,0.04981929920077209,,,0.8254147812971342,3.0391387078054777e-06,3.514409879556979e-06,,,,,,,,,,,,,
corridor_512,0.0,turn_articulation,certified_adaptive_green_rd,512,2.0,256.0,1024.0,510.0,0.0,4.758534444990801,0.6324841140012722,0.0001661629939917,0.632650276995264,0.632650276995264,28637.75098580093,7.521587546900612,7.521587546900612,1,1,262144.0,1.4210854715202004e-14,1.4210854715202004e-14,,,,,,,,,,,,,
corridor_1024,0.1,endpoints,certified_adaptive_green_rd,1024,2.0,512.0,12280.0,1024.0,1.0000000000000215,12.892486906959675,2.2860484860138968,0.0001460080384276,2.2861944940523244,2.2861944940523244,88299.84325380452,5.639278259352069,5.639278259352069,1,1,775168.0,3.22818749509679e-09,3.22818749509679e-09,,,,,,,,,,,,,
open_room_32,0.0,coverage_sqrt,certified_adaptive_green_rd,1024,32.0,32.0,4.129032258064516,46.0,0.0,1.2977993359963875,24.143054518994177,0.12543375097448,24.268488269968657,24.268488269968657,10.346492279103009,0.05347672758019977,0.05347672758019977,21,21,26.01290322580645,7.105427357601002e-15,7.105427357601002e-15,,,,,,,,,,,,,
four_rooms_21,0.1,betweenness_sqrt,certified_adaptive_green_rd,404,21.0,19.23809523809524,4.6837857666911225,41.0,9.89496752719412e-07,0.6599085539928637,21.081514761026483,0.2383934259996749,21.319908187026158,21.319908187026158,2.768149126703534,0.030952692113113276,0.030952692113113276,51,51,6.958459979736576,0.1962245087433665,0.2881613308062682,,,,,,,,,,,,,
maze_21,0.05,graph_rd_surrogate_joint,certified_adaptive_green_rd,199,20.0,9.95,3.562874251497006,29.0,9.741116853972566e-07,0.4189119579968974,350.9509289000125,0.1853069110075011,351.13623581102,351.13623581102,2.260638611475964,0.0011930183082054624,0.0011930183082054624,1503,1503,5.760526315789473,2.9654014994662248e-06,3.373011345786381e-06,,,,,,,,,,,,,
corridor_512,0.0,graph_rd_surrogate_joint,certified_adaptive_green_rd,512,2.0,256.0,1024.0,510.0,0.0,5.129096400982235,14.657988888007822,0.0001710869837552,14.658159974991577,14.658159974991577,29979.465932488947,0.3499140690054573,0.3499140690054573,3,3,262144.0,1.4210854715202004e-14,1.4210854715202004e-14,,,,,,,,,,,,,
corridor_1024,0.1,turn_articulation,certified_adaptive_green_rd,1024,2.0,512.0,12280.0,1024.0,1.0000000000000215,13.043280227982905,2.325662436080165,0.0001470259740017,2.325809462054167,2.325809462054167,88714.12222597448,5.608060522921345,5.608060522921345,1,1,775168.0,3.22818749509679e-09,3.22818749509679e-09,,,,,,,,,,,,,
open_room_32,0.05,endpoints,certified_adaptive_green_rd,1024,2.0,512.0,8184.0,88.0,8.332347991960456e-07,2.090085772011662,1.5987838090222797,0.000167649006471,1.5989514580287507,1.5989514580287507,12467.033452850994,1.3071602402416898,1.3071602402416898,1,1,98304.0,0.071154571511137,0.071154571511137,,,,,,,,,,,,,
four_rooms_21,0.1,coverage_sqrt,certified_adaptive_green_rd,404,21.0,19.23809523809524,1.6564608199273485,70.0,9.935917524658485e-07,0.7006962820014451,10.094206198002212,0.041240681981435,10.135446879983647,10.135446879983647,16.99041452119709,0.0691332400335737,0.0691332400335737,16,16,40.88095238095238,0.1962257681030585,0.3712179815336967,,,,,,,,,,,,,
maze_21,0.05,betweenness_sqrt,certified_adaptive_green_rd,199,15.0,13.266666666666667,6.279683377308707,85.0,7.011116769933583e-07,0.4365443900169339,6.974001894996036,0.0866870249737985,7.060688919969834,7.060688919969834,5.035867710870006,0.06182744983740184,0.06182744983740184,20,20,12.263305322128852,2.619557086802615e-07,3.647248068006093e-07,,,,,,,,,,,,,
corridor_512,0.0,betweenness_sqrt,certified_adaptive_green_rd,512,23.0,22.26086956521739,4.047430830039525,245.0,0.0,5.075390628015157,7.768970545992488,1.7282071739900855,9.497177719982574,9.497177719982574,2.9367952548750806,0.5344104088245355,0.5344104088245355,3,3,7.732405167836705,7.105427357601002e-15,7.105427357601002e-15,,,,,,,,,,,,,
corridor_1024,0.1,graph_rd_surrogate_joint,certified_adaptive_green_rd,1024,2.0,512.0,12280.0,1024.0,1.0000000000000215,13.066940093005542,32.511568667017855,0.0001315769623033,32.51170024398016,32.51170024398016,99310.24295026487,0.40191500275120207,0.40191500275120207,3,3,775168.0,3.22818749509679e-09,3.22818749509679e-09,,,,,,,,,,,,,
open_room_32,0.05,turn_articulation,certified_adaptive_green_rd,1024,4.0,256.0,1023.0,86.0,9.7934726999933e-07,2.119770888995845,2.19487421202939,0.0009235420147888,2.195797754044179,2.195797754044179,2295.261996803168,0.9653761987376528,0.9653761987376528,2,2,8192.0,0.0711545543240497,0.0711545543240497,,,,,,,,,,,,,
four_rooms_31,0.0,endpoints,certified_adaptive_green_rd,904,2.0,452.0,1808.0,59.0,0.0,1.179781670012744,1.5133509050065186,0.0002462140109855,1.5135971190175042,1.5135971190175042,4791.691850882918,0.7794555467828558,0.7794555467828558,2,2,55144.0,1.7763568394002505e-14,1.7763568394002505e-14,,,,,,,,,,,,,
maze_21,0.05,coverage_sqrt,certified_adaptive_green_rd,199,15.0,13.266666666666667,9.40711462450593,49.0,9.49417549532034e-07,0.4442674989986699,15.265938913013088,0.0231672409863676,15.289106153999455,15.289106153999455,19.17653894393771,0.02905778104513027,0.02905778104513027,37,37,52.11904761904762,1.0315538396810098e-06,1.0786588298117294e-06,,,,,,,,,,,,,
corridor_512,0.0,coverage_sqrt,certified_adaptive_green_rd,512,23.0,22.26086956521739,4.047430830039525,31.0,0.0,5.126304778008489,6.597300528985215,0.2172232390148565,6.814523768000072,6.814523768000072,23.59924656890825,0.7522616330257452,0.7522616330257452,2,2,64.7588932806324,1.4210854715202004e-14,3.5527136788005016e-14,,,,,,,,,,,,,
corridor_1024,0.1,betweenness_sqrt,certified_adaptive_green_rd,1024,32.0,32.0,6.602150537634409,637.0,8.220439714893149e-07,15.708940006006742,46.89466719399206,9.38248550100252,56.277152694994584,56.277152694994584,1.674283429942763,0.2791353018718719,0.2791353018718719,8,8,4.487094440103036,3.2285925044561732e-09,1.4236572454251473e-05,,,,,,,,,,,,,
open_room_32,0.05,graph_rd_surrogate_joint,certified_adaptive_green_rd,1024,2.0,512.0,8184.0,88.0,8.332347991960456e-07,2.152008648001356,12.323911284998758,0.0002154580142814,12.32412674301304,12.32412674301304,9988.064984159972,0.1746175362259563,0.1746175362259563,6,6,98304.0,0.071154571511137,0.071154571511137,,,,,,,,,,,,,
four_rooms_31,0.0,turn_articulation,certified_adaptive_green_rd,904,16.0,56.5,15.066666666666666,31.0,0.0,1.1768883710028604,6.319969781965483,0.0200717250118032,6.340041506977286,6.340041506977286,58.63414182442163,0.18562786532354428,0.18562786532354428,6,6,153.17777777777778,7.105427357601002e-15,7.105427357601002e-15,,,,,,,,,,,,,
maze_21,0.1,endpoints,certified_adaptive_green_rd,199,2.0,99.5,1190.0,117.0,9.363604715588008e-07,0.5336624479969032,0.3672699469898361,0.0001620980037841,0.3674320449936202,0.3674320449936202,3292.2209745863515,1.4524112833059222,1.4524112833059222,1,1,25472.0,5.0120373629169996e-08,5.0120373629169996e-08,,,,,,,,,,,,,
corridor_512,0.05,endpoints,certified_adaptive_green_rd,512,2.0,256.0,3068.0,590.0,8.61870424248522e-07,5.732679495995399,0.655643925012555,0.0001805629872251,0.6558244879997801,0.6558244879997801,31748.918114916643,8.741179387002886,8.741179387002886,1,1,292352.0,2.169358026549162e-10,2.169358026549162e-10,,,,,,,,,,,,,
corridor_1024,0.1,coverage_sqrt,certified_adaptive_green_rd,1024,32.0,32.0,12.404040404040405,101.0,6.131550897942404e-07,15.778385120996973,38.36255483599962,0.3103082129964605,38.67286304899608,38.67286304899608,50.84746216877266,0.40799630223929256,0.40799630223929256,3,3,125.27967676767676,6.402611703038019e-07,8.940914923982746e-07,,,,,,,,,,,,,
open_room_32,0.05,betweenness_sqrt,certified_adaptive_green_rd,1024,32.0,32.0,2.3735498839907194,88.0,9.9292053401074e-07,2.1124901169969235,38.829080340015935,0.7159919969853945,39.54507233700133,39.54507233700133,2.9504381695484456,0.053419806619504386,0.053419806619504386,28,28,6.834260289210234,0.0711545715111405,0.1134439251648373,,,,,,,,,,,,,
four_rooms_31,0.0,graph_rd_surrogate_joint,certified_adaptive_green_rd,904,2.0,452.0,1808.0,59.0,0.0,1.2000460569979623,9.089091231988276,0.0002171579981222,9.089308389986398,9.089308389986398,5526.142566124845,0.1320283134325205,0.1320283134325205,8,8,55144.0,1.7763568394002505e-14,1.7763568394002505e-14,,,,,,,,,,,,,
maze_21,0.1,turn_articulation,certified_adaptive_green_rd,199,52.0,3.826923076923077,0.466483731869855,36.0,8.82228191649274e-07,0.5438786470040213,7.272685714997351,1.3503296290000435,8.623015343997395,8.623015343997395,0.4027747264990242,0.06307290724962274,0.06307290724962274,,,0.9370562483905382,2.827565808161125e-06,3.122830715795999e-06,,,,,,,,,,,,,
corridor_512,0.05,turn_articulation,certified_adaptive_green_rd,512,2.0,256.0,3068.0,590.0,8.61870424248522e-07,5.786896211997373,0.7832104200206231,0.0001917250046972,0.7834021450253204,0.7834021450253204,30183.315009621838,7.386878180950519,7.386878180950519,1,1,292352.0,2.169358026549162e-10,2.169358026549162e-10,,,,,,,,,,,,,
open_room_24,0.0,endpoints,certified_adaptive_green_rd,576,2.0,288.0,1152.0,45.0,0.0,0.6086225759936497,0.5435414469975512,0.0002096039825119,0.5437510509800632,0.5437510509800632,2903.6784926501728,1.1193037234533365,1.1193037234533365,1,1,27072.0,7.105427357601002e-15,7.105427357601002e-15,,,,,,,,,,,,,
open_room_32,0.05,coverage_sqrt,certified_adaptive_green_rd,1024,32.0,32.0,2.0758402029169307,80.0,9.993439073337596e-07,2.164338424016023,42.91327839001315,0.1548373069963418,43.06811569700949,43.06811569700949,13.978145616205776,0.05025384530965927,0.05025384530965927,22,22,36.03519061583578,0.071154288165367,0.1564628688208529,,,,,,,,,,,,,
four_rooms_31,0.0,betweenness_sqrt,certified_adaptive_green_rd,904,31.0,29.161290322580644,3.8881720430107527,20.0,0.0,1.217322399985278,90.39530466799624,0.5092982659989502,90.90460293399519,90.90460293399519,2.3901954537339565,0.013391207493301105,0.013391207493301105,128,128,5.5157789447361845,7.105427357601002e-15,7.105427357601002e-15,,,,,,,,,,,,,
maze_21,0.1,graph_rd_surrogate_joint,certified_adaptive_green_rd,199,20.0,9.95,3.4693877551020407,36.0,8.777908621221691e-07,0.529011573002208,360.10888106399216,0.1983945749816484,360.3072756389738,360.3072756389738,2.6664618881395405,0.0014682233992196014,0.0014682233992196014,1090,1090,6.5396662387676505,2.667306731041208e-06,2.8004011127791277e-06,,,,,,,,,,,,,
corridor_512,0.05,graph_rd_surrogate_joint,certified_adaptive_green_rd,512,2.0,256.0,3068.0,590.0,8.61870424248522e-07,5.673704924003687,16.036882553977193,0.0001739939907565,16.03705654796795,16.03705654796795,32608.62573088264,0.3537871745374995,0.3537871745374995,3,3,292352.0,2.169358026549162e-10,2.169358026549162e-10,,,,,,,,,,,,,
open_room_24,0.0,turn_articulation,certified_adaptive_green_rd,576,4.0,144.0,192.0,22.0,0.0,0.5540806259959936,0.6170103369804565,0.0006570139958057,0.6176673509762622,0.6176673509762622,843.3315416918551,0.8970534465197718,0.8970534465197718,2,2,3008.0,0.0,7.105427357601002e-15,,,,,,,,,,,,,
open_room_32,0.1,endpoints,certified_adaptive_green_rd,1024,2.0,512.0,8184.0,104.0,6.650106706875107e-07,2.396098413999425,1.6716553310106974,0.0001915470056701,1.6718468780163676,1.6718468780163676,12509.192746795756,1.4332044671712854,1.4332044671712854,1,1,115712.0,0.140835709669659,0.140835709669659,,,,,,,,,,,,,
four_rooms_31,0.0,coverage_sqrt,certified_adaptive_green_rd,904,31.0,29.161290322580644,3.8881720430107527,21.0,0.0,1.1682033740216866,18.43029687198577,0.1471561620128341,18.577453033998605,18.577453033998605,7.938528417993143,0.06288285977005335,0.06288285977005335,19,19,23.717849462365592,7.105427357601002e-15,7.105427357601002e-15,,,,,,,,,,,,,
maze_21,0.1,betweenness_sqrt,certified_adaptive_green_rd,199,15.0,13.266666666666667,6.279683377308707,98.0,8.549286807002502e-07,0.5204840429942124,8.062248924019514,0.1019191850209608,8.164168109040475,8.164168109040475,5.106830896333882,0.06375224469200504,0.06375224469200504,20,20,12.129523809523809,4.7356283161548163e-07,7.839267457399046e-07,,,,,,,,,,,,,
corridor_512,0.05,betweenness_sqrt,certified_adaptive_green_rd,512,23.0,22.26086956521739,6.62634989200864,295.0,6.937674723466595e-07,5.637226396996994,8.04532351900707,1.8000040669867303,9.8453275859938,9.8453275859938,3.1317853667041478,0.5725788550719884,0.5725788550719884,3,3,7.996827003296087,2.8829774123551033e-09,1.209052577166858e-06,,,,,,,,,,,,,
open_room_24,0.0,graph_rd_surrogate_joint,certified_adaptive_green_rd,576,2.0,288.0,1152.0,45.0,0.0,0.5626355799904559,3.3814362449920736,0.0001666049938648,3.3816028499859385,3.3816028499859385,3377.0631176080933,0.166381330082211,0.166381330082211,7,7,27072.0,7.105427357601002e-15,7.105427357601002e-15,,,,,,,,,,,,,
open_room_32,0.1,turn_articulation,certified_adaptive_green_rd,1024,4.0,256.0,1023.0,102.0,8.868445869705732e-07,2.296692545991391,1.9723934960202316,0.000777798006311,1.9731712940265427,1.9731712940265427,2952.813619160772,1.1639600438868418,1.1639600438868418,1,1,9642.666666666666,0.1408357005148985,0.1408357005148985,,,,,,,,,,,,,
four_rooms_31,0.05,endpoints,certified_adaptive_green_rd,904,2.0,452.0,7192.0,87.0,8.821549962699143e-07,1.6666814139753114,1.4161463679920416,0.000174563989276,1.4163209319813177,1.4163209319813177,9547.68174631663,1.1767681860380046,1.1767681860380046,1,1,84976.0,0.0909422045088845,0.0909422045088845,,,,,,,,,,,,,
maze_21,0.1,coverage_sqrt,certified_adaptive_green_rd,199,15.0,13.266666666666667,8.380281690140846,58.0,9.902872701979125e-07,0.4792718469980173,15.60650362999877,0.0199430490029044,15.626446679001674,15.626446679001674,24.032024738454865,0.03067055849888431,0.03067055849888431,34,34,60.647619047619045,1.2279547902949162e-06,1.2405636198309369e-06,,,,,,,,,,,,,
