map_family,map_size,map,boundary_method,terminal_basis,src_state,target_state,condition_cap,condition_cap_float,n_interior,n_terminals,spectral_radius,row_q,actual_tail_row_K32,actual_tail_row_K64,actual_tail_row_K128,certificate_found,certificate_status,weighted_q,weighted_q_target,weighted_q_lt_1,weight_min,weight_max,weight_dynamic_range,weight_start,row_scale,entry_scale,weighted_slack_min_abs,weighted_slack_min_rel,weighted_violation_max_abs,weighted_violation_max_rel,objective_tail_bound,solve_method,rational_verified,rational_status,rational_q,rational_q_num,rational_q_den,rational_min_slack,rational_max_violation,rational_failing_rows,conditioned_row_tail_K32,conditioned_row_tail_K64,conditioned_row_tail_K128
corridor,128,corridor_128,endpoints,boundary,127,0,100,100.0,127,1,0.7438554583746873,1.0,0.999999999999985,0.999999999999985,0.9757702341239409,False,no_conditioned_certificate,,,,,,,,,,,,,,,,,,,,,,,,,,
corridor,128,corridor_128,endpoints,boundary,127,0,10000,10000.0,127,1,0.7438554583746873,1.0,0.999999999999985,0.999999999999985,0.9757702341239409,True,rational_verified_conditioned_certificate,0.9577722432638153,0.9578917827583806,True,1.0,7448.893463146084,7448.893463146084,7448.893463146084,0.95,0.95,-9.094947017729282e-13,-1.2748120612109385e-16,9.094947017729282e-13,1.2748120612109385e-16,641.2792618140106,solve,True,rational_verified,0.957773244,239443311,250000000,0.007453917903972,0.0,0,40352.59808829828,10145.265099022377,641.2792618140106
corridor,128,corridor_128,endpoints,boundary,127,0,1e+06,1000000.0,127,1,0.7438554583746873,1.0,0.999999999999985,0.999999999999985,0.9757702341239409,True,rational_verified_conditioned_certificate,0.92226053195334,0.9222617527847026,True,1.0,699587.2740312621,699587.2740312621,699587.2740312621,0.95,0.95,-1.1641532182693481e-10,-1.804324386374992e-16,1.1641532182693481e-10,1.804324386374992e-16,250.0583528715474,solve,True,rational_verified,0.922261532,230565383,250000000,0.699619983875492,0.0,0,591689.0270056288,44402.70883952458,250.0583528715474
corridor,128,corridor_128,endpoints,boundary,127,0,1e+09,1000000000.0,127,1,0.7438554583746873,1.0,0.999999999999985,0.999999999999985,0.9757702341239409,True,rational_verified_conditioned_certificate,0.8736753471336316,0.8736753482751417,True,1.0,704672948.7756873,704672948.7756873,704672948.7756873,0.95,0.95,0.0,0.0,0.0,0.0,144.00698846996747,solve,True,rational_verified,0.873676348,218419087,250000000,0.8043922813333333,0.0,0,61485933.6129375,816541.7038057817,144.00698846996747
corridor,128,corridor_128,endpoints,boundary,127,0,1e+12,1000000000000.0,127,1,0.7438554583746873,1.0,0.999999999999985,0.999999999999985,0.9757702341239409,True,rational_verified_conditioned_certificate,0.8283280373986063,0.8283280373995514,True,1.0,801960656513.0336,801960656513.0336,801960656513.0336,0.95,0.95,0.0,0.0,0.0,0.0,124.5322840037151,solve,True,rational_verified,0.828329038,414164519,500000000,0.757887138,0.0,0,8868603351.521313,21395912.121779684,124.5322840037151
corridor,128,corridor_128,endpoints,boundary,127,0,inf,inf,127,1,0.7438554583746873,1.0,0.999999999999985,0.999999999999985,0.9757702341239409,True,rational_verified_conditioned_certificate,0.8250889437650232,0.8250889437655807,True,1.0,1353654832333.2031,1353654832333.2031,1353654832333.2031,0.95,0.95,0.0,0.0,0.0,0.0,124.45527231340633,solve,True,rational_verified,0.825089944,103136243,125000000,0.754559844,0.0,0,12910397416.197695,27476674.816388093,124.45527231340633
corridor,128,corridor_128,endpoints,residual,127,0,100,100.0,127,1,0.7438554583746873,1.0,0.999999999999985,0.999999999999985,0.9757702341239409,False,no_conditioned_certificate,,,,,,,,,,,,,,,,,,,,,,,,,,
corridor,128,corridor_128,endpoints,residual,127,0,10000,10000.0,127,1,0.7438554583746873,1.0,0.999999999999985,0.999999999999985,0.9757702341239409,True,rational_verified_conditioned_certificate,0.9577722432638153,0.9578917827583806,True,1.0,7448.893463146084,7448.893463146084,7448.893463146084,0.95,0.95,-9.094947017729282e-13,-1.2748120612109385e-16,9.094947017729282e-13,1.2748120612109385e-16,641.2792618140106,solve,True,rational_verified,0.957773244,239443311,250000000,0.007453917903972,0.0,0,40352.59808829828,10145.265099022377,641.2792618140106
corridor,128,corridor_128,endpoints,residual,127,0,1e+06,1000000.0,127,1,0.7438554583746873,1.0,0.999999999999985,0.999999999999985,0.9757702341239409,True,rational_verified_conditioned_certificate,0.92226053195334,0.9222617527847026,True,1.0,699587.2740312621,699587.2740312621,699587.2740312621,0.95,0.95,-1.1641532182693481e-10,-1.804324386374992e-16,1.1641532182693481e-10,1.804324386374992e-16,250.0583528715474,solve,True,rational_verified,0.922261532,230565383,250000000,0.699619983875492,0.0,0,591689.0270056288,44402.70883952458,250.0583528715474
corridor,128,corridor_128,endpoints,residual,127,0,1e+09,1000000000.0,127,1,0.7438554583746873,1.0,0.999999999999985,0.999999999999985,0.9757702341239409,True,rational_verified_conditioned_certificate,0.8736753471336316,0.8736753482751417,True,1.0,704672948.7756873,704672948.7756873,704672948.7756873,0.95,0.95,0.0,0.0,0.0,0.0,144.00698846996747,solve,True,rational_verified,0.873676348,218419087,250000000,0.8043922813333333,0.0,0,61485933.6129375,816541.7038057817,144.00698846996747
corridor,128,corridor_128,endpoints,residual,127,0,1e+12,1000000000000.0,127,1,0.7438554583746873,1.0,0.999999999999985,0.999999999999985,0.9757702341239409,True,rational_verified_conditioned_certificate,0.8283280373986063,0.8283280373995514,True,1.0,801960656513.0336,801960656513.0336,801960656513.0336,0.95,0.95,0.0,0.0,0.0,0.0,124.5322840037151,solve,True,rational_verified,0.828329038,414164519,500000000,0.757887138,0.0,0,8868603351.521313,21395912.121779684,124.5322840037151
corridor,128,corridor_128,endpoints,residual,127,0,inf,inf,127,1,0.7438554583746873,1.0,0.999999999999985,0.999999999999985,0.9757702341239409,True,rational_verified_conditioned_certificate,0.8250889437650232,0.8250889437655807,True,1.0,1353654832333.2031,1353654832333.2031,1353654832333.2031,0.95,0.95,0.0,0.0,0.0,0.0,124.45527231340633,solve,True,rational_verified,0.825089944,103136243,125000000,0.754559844,0.0,0,12910397416.197695,27476674.816388093,124.45527231340633
corridor,128,corridor_128,endpoints,boundary,0,127,100,100.0,127,1,0.2824329348332054,1.0,1.0,1.0,0.9757702341239559,False,no_conditioned_certificate,,,,,,,,,,,,,,,,,,,,,,,,,,
corridor,128,corridor_128,endpoints,boundary,0,127,10000,10000.0,127,1,0.2824329348332054,1.0,1.0,1.0,0.9757702341239559,True,rational_verified_conditioned_certificate,0.96346742325782,0.9637038228809303,True,1.0,3791.724644855961,3791.724644855961,3791.724644855961,0.95,0.95,9.094947017729282e-13,2.489581495013626e-16,0.0,0.0,810.695180633156,solve,True,rational_verified,0.963468424,120433553,125000000,0.00379421010948,0.0,0,28873.68688185112,8775.812965207982,810.695180633156
corridor,128,corridor_128,endpoints,boundary,0,127,1e+06,1000000.0,127,1,0.2824329348332054,1.0,1.0,1.0,0.9757702341239559,True,rational_verified_conditioned_certificate,0.9274051982547209,0.9274076457618605,True,1.0,351105.434890421,351105.434890421,351105.434890421,0.95,0.95,0.0,0.0,0.0,0.0,275.4383888858315,solve,True,rational_verified,0.927406199,927406199,1000000000,0.35136642688311,0.0,0,382076.2011955348,34259.01045610436,275.4383888858315
corridor,128,corridor_128,endpoints,boundary,0,127,1e+09,1000000000.0,127,1,0.2824329348332054,1.0,1.0,1.0,0.9757702341239559,True,rational_verified_conditioned_certificate,0.8729633790577672,0.8729633800832559,True,1.0,783687089.5631331,783687089.5631331,783687089.5631331,0.95,0.95,0.0,0.0,0.0,0.0,143.35889239361086,solve,True,rational_verified,0.87296438,43648219,50000000,0.80366318,0.0,0,66192106.35792915,856404.6431386728,143.35889239361086
corridor,128,corridor_128,endpoints,boundary,0,127,1e+12,1000000000000.0,127,1,0.2824329348332054,1.0,1.0,1.0,0.9757702341239559,True,rational_verified_conditioned_certificate,0.8275931586835801,0.8275931586844186,True,1.0,902875601266.0072,902875601266.0072,902875601266.0072,0.95,0.95,-0.0001220703125,-1.633673436106473e-16,0.0001220703125,1.633673436106473e-16,124.50192971299226,solve,True,rational_verified,0.827594159,827594159,1000000000,0.757132309,0.0,0,9655048507.332943,22640968.524787087,124.50192971299226
corridor,128,corridor_128,endpoints,boundary,0,127,inf,inf,127,1,0.2824329348332054,1.0,1.0,1.0,0.9757702341239559,True,rational_verified_conditioned_certificate,0.8275931586835801,0.8275931586844186,True,1.0,902875601266.0072,902875601266.0072,902875601266.0072,0.95,0.95,-0.0001220703125,-1.633673436106473e-16,0.0001220703125,1.633673436106473e-16,124.50192971299226,solve,True,rational_verified,0.827594159,827594159,1000000000,0.757132309,0.0,0,9655048507.332943,22640968.524787087,124.50192971299226
corridor,128,corridor_128,endpoints,residual,0,127,100,100.0,127,1,0.2824329348332054,1.0,1.0,1.0,0.9757702341239559,False,no_conditioned_certificate,,,,,,,,,,,,,,,,,,,,,,,,,,
corridor,128,corridor_128,endpoints,residual,0,127,10000,10000.0,127,1,0.2824329348332054,1.0,1.0,1.0,0.9757702341239559,True,rational_verified_conditioned_certificate,0.96346742325782,0.9637038228809303,True,1.0,3791.724644855961,3791.724644855961,3791.724644855961,0.95,0.95,9.094947017729282e-13,2.489581495013626e-16,0.0,0.0,810.695180633156,solve,True,rational_verified,0.963468424,120433553,125000000,0.00379421010948,0.0,0,28873.68688185112,8775.812965207982,810.695180633156
corridor,128,corridor_128,endpoints,residual,0,127,1e+06,1000000.0,127,1,0.2824329348332054,1.0,1.0,1.0,0.9757702341239559,True,rational_verified_conditioned_certificate,0.9274051982547209,0.9274076457618605,True,1.0,351105.434890421,351105.434890421,351105.434890421,0.95,0.95,0.0,0.0,0.0,0.0,275.4383888858315,solve,True,rational_verified,0.927406199,927406199,1000000000,0.35136642688311,0.0,0,382076.2011955348,34259.01045610436,275.4383888858315
corridor,128,corridor_128,endpoints,residual,0,127,1e+09,1000000000.0,127,1,0.2824329348332054,1.0,1.0,1.0,0.9757702341239559,True,rational_verified_conditioned_certificate,0.8729633790577672,0.8729633800832559,True,1.0,783687089.5631331,783687089.5631331,783687089.5631331,0.95,0.95,0.0,0.0,0.0,0.0,143.35889239361086,solve,True,rational_verified,0.87296438,43648219,50000000,0.80366318,0.0,0,66192106.35792915,856404.6431386728,143.35889239361086
corridor,128,corridor_128,endpoints,residual,0,127,1e+12,1000000000000.0,127,1,0.2824329348332054,1.0,1.0,1.0,0.9757702341239559,True,rational_verified_conditioned_certificate,0.8275931586835801,0.8275931586844186,True,1.0,902875601266.0072,902875601266.0072,902875601266.0072,0.95,0.95,-0.0001220703125,-1.633673436106473e-16,0.0001220703125,1.633673436106473e-16,124.50192971299226,solve,True,rational_verified,0.827594159,827594159,1000000000,0.757132309,0.0,0,9655048507.332943,22640968.524787087,124.50192971299226
corridor,128,corridor_128,endpoints,residual,0,127,inf,inf,127,1,0.2824329348332054,1.0,1.0,1.0,0.9757702341239559,True,rational_verified_conditioned_certificate,0.8275931586835801,0.8275931586844186,True,1.0,902875601266.0072,902875601266.0072,902875601266.0072,0.95,0.95,-0.0001220703125,-1.633673436106473e-16,0.0001220703125,1.633673436106473e-16,124.50192971299226,solve,True,rational_verified,0.827594159,827594159,1000000000,0.757132309,0.0,0,9655048507.332943,22640968.524787087,124.50192971299226
open_room,12,open_room_12,endpoints,boundary,143,0,100,100.0,143,1,0.3572644797018006,1.0,0.00021471452624677312,3.3306690738754696e-16,3.3306690738754696e-16,True,rational_verified_conditioned_certificate,0.8930926189394907,0.9024669187679137,True,1.0,86.99464704875655,86.99464704875655,86.99464704875655,0.95,0.95,1.4210854715202004e-14,1.8290735474312535e-16,0.0,0.0,0.00035797851239151193,solve,True,rational_verified,0.893093619,893093619,1000000000,8.713952415966667e-05,0.0,0,18.526481565763753,0.4971425688458863,0.00035797851239151193
open_room,12,open_room_12,endpoints,boundary,143,0,10000,10000.0,143,1,0.3572644797018006,1.0,0.00021471452624677312,3.3306690738754696e-16,3.3306690738754696e-16,True,rational_verified_conditioned_certificate,0.7073344020151802,0.7074007563037413,True,1.0,9173.341549343058,9173.341549343058,9173.341549343058,0.95,0.95,-9.094947017729282e-13,-1.4016766176213234e-16,9.094947017729282e-13,1.4016766176213234e-16,1.1898062425526008e-15,solve,True,rational_verified,0.707335403,707335403,1000000000,0.009182201892580334,0.0,0,0.32471119867170856,5.005993242029401e-06,1.1898062425526008e-15
open_room,12,open_room_12,endpoints,boundary,143,0,1e+06,1000000.0,143,1,0.3572644797018006,1.0,0.00021471452624677312,3.3306690738754696e-16,3.3306690738754696e-16,True,rational_verified_conditioned_certificate,0.5773561649525129,0.5773566479942929,True,1.0,962236.9927869734,962236.9927869734,962236.9927869734,0.95,0.95,-1.1641532182693481e-10,-2.0954836973098716e-16,1.1641532182693481e-10,2.0954836973098716e-16,3.6415165427000535e-25,solve,True,rational_verified,0.577357165,115471433,200000000,0.46480101797895834,0.0,0,0.029018620601833193,6.7433950896686e-10,3.6415165427000535e-25
open_room,12,open_room_12,endpoints,boundary,143,0,1e+09,1000000000.0,143,1,0.3572644797018006,1.0,0.00021471452624677312,3.3306690738754696e-16,3.3306690738754696e-16,True,rational_verified_conditioned_certificate,0.4473125393540601,0.4473125396848445,True,1.0,925739220.0806438,925739220.0806438,925739220.0806438,0.95,0.95,0.0,0.0,0.0,0.0,1.3507066694464637e-36,solve,True,rational_verified,0.44731354,22365677,50000000,0.30622104784864,0.0,0,0.004697838239969434,3.1006474383245247e-14,1.3507066694464637e-36
open_room,12,open_room_12,endpoints,boundary,143,0,1e+12,1000000000000.0,143,1,0.3572644797018006,1.0,0.00021471452624677312,3.3306690738754696e-16,3.3306690738754696e-16,True,rational_verified_conditioned_certificate,0.37267364581571166,0.37267364581590784,True,1.0,909144597730.9786,909144597730.9786,909144597730.9786,0.95,0.95,0.0,0.0,0.0,0.0,6.922500864384179e-44,solve,True,rational_verified,0.372674646,186337323,500000000,0.178349545327128,0.0,0,0.009833532158844938,1.884635501551479e-16,6.922500864384179e-44
open_room,12,open_room_12,endpoints,boundary,143,0,inf,inf,143,1,0.3572644797018006,1.0,0.00021471452624677312,3.3306690738754696e-16,3.3306690738754696e-16,True,rational_verified_conditioned_certificate,0.3591541530241267,0.35915415302413245,True,1.0,15296760472054.861,15296760472054.861,15296760472054.861,0.95,0.95,0.0,0.0,0.0,0.0,9.700735317919438e-45,solve,True,rational_verified,0.359155154,179577577,500000000,0.088120604,0.0,0,0.04784526411353115,2.810784322742174e-16,9.700735317919438e-45
open_room,12,open_room_12,endpoints,residual,143,0,100,100.0,141,3,0.3554437831143804,1.0,2.6080306962439348e-05,1.2490009027033011e-15,1.2490009027033011e-15,True,rational_verified_conditioned_certificate,0.8769301597889713,0.8858890727928826,True,1.0,89.09258869524858,89.09258869524858,36.57198865562664,0.95,0.95,0.0,0.0,0.0,0.0,1.2393855289325559e-05,solve,True,rational_verified,0.87693116,21923279,25000000,8.975250657333333e-05,0.0,0,3.70310280515804,0.05539186482585897,1.2393855289325559e-05
open_room,12,open_room_12,endpoints,residual,143,0,10000,10000.0,141,3,0.3554437831143804,1.0,2.6080306962439348e-05,1.2490009027033011e-15,1.2490009027033011e-15,True,rational_verified_conditioned_certificate,0.6901969563829102,0.6902703404378241,True,1.0,8041.6432203025,8041.6432203025,2446.7782602986485,0.95,0.95,9.094947017729282e-13,1.6386353989690073e-16,0.0,0.0,1.2669359936055537e-17,solve,True,rational_verified,0.690197957,690197957,1000000000,0.008046883568206667,0.0,0,0.036420244099440044,2.561416049117955e-07,1.2669359936055537e-17
open_room,12,open_room_12,endpoints,residual,143,0,1e+06,1000000.0,141,3,0.3554437831143804,1.0,2.6080306962439348e-05,1.2490009027033011e-15,1.2490009027033011e-15,True,rational_verified_conditioned_certificate,0.5563209669846639,0.5563214648589615,True,1.0,885020.2701103801,885020.2701103801,335987.03906054026,0.95,0.95,0.0,0.0,0.0,0.0,1.0091540432101311e-27,solve,True,rational_verified,0.556321967,556321967,1000000000,0.4406293118480533,0.0,0,0.0028360661435209156,2.0096945669467085e-11,1.0091540432101311e-27
open_room,12,open_room_12,endpoints,residual,143,0,1e+09,1000000000.0,141,3,0.3554437831143804,1.0,2.6080306962439348e-05,1.2490009027033011e-15,1.2490009027033011e-15,True,rational_verified_conditioned_certificate,0.4294453635862579,0.4294453639644129,True,1.0,743927641.4691124,743927641.4691124,399871836.43254966,0.95,0.95,0.0,0.0,0.0,0.0,2.940821393231623e-39,solve,True,rational_verified,0.429446364,107361591,250000000,0.2813209306666667,0.0,0,0.0005120454232949568,9.169842481996892e-16,2.940821393231623e-39
open_room,12,open_room_12,endpoints,residual,143,0,1e+12,1000000000000.0,141,3,0.3554437831143804,1.0,2.6080306962439348e-05,1.2490009027033011e-15,1.2490009027033011e-15,True,rational_verified_conditioned_certificate,0.3602596948989075,0.36025969489903314,True,1.0,953916769644.0911,953916769644.0911,668431748147.4,0.95,0.95,0.0001220703125,3.552089466575752e-16,0.0,0.0,6.31246930197151e-46,solve,True,rational_verified,0.360260695,72052139,200000000,0.11986977833333333,0.0,0,0.002317897880922778,1.502435922000333e-17,6.31246930197151e-46
open_room,12,open_room_12,endpoints,residual,143,0,inf,inf,141,3,0.3554437831143804,1.0,2.6080306962439348e-05,1.2490009027033011e-15,1.2490009027033011e-15,True,rational_verified_conditioned_certificate,0.3569446749984797,0.35694467499850774,True,1.0,2374215136374.988,2374215136374.988,1688437518636.268,0.95,0.95,0.0,0.0,0.0,0.0,4.81368111682794e-46,solve,True,rational_verified,0.356945675,14277827,40000000,0.066513675,0.0,0,0.004293289804728168,2.0702330731522977e-17,4.81368111682794e-46
open_room,12,open_room_12,endpoints,boundary,0,143,100,100.0,143,1,0.3572645129498667,1.0,0.00021471452624877152,2.3314683517128287e-15,2.3314683517128287e-15,True,rational_verified_conditioned_certificate,0.8930926230969516,0.9024669238132026,True,1.0,86.99463937206814,86.99463937206814,86.99463937206814,0.95,0.95,0.0,0.0,0.0,0.0,0.00035797870969385247,solve,True,rational_verified,0.893093624,111636703,125000000,8.6513081736e-05,0.0,0,18.526483497417217,0.4971426947365991,0.00035797870969385247
open_room,12,open_room_12,endpoints,boundary,0,143,10000,10000.0,143,1,0.3572645129498667,1.0,0.00021471452624877152,2.3314683517128287e-15,2.3314683517128287e-15,True,rational_verified_conditioned_certificate,0.7073344171187486,0.7074007714396078,True,1.0,9173.337330807795,9173.337330807795,9173.337330807795,0.95,0.95,-9.094947017729282e-13,-1.4016772322794924e-16,9.094947017729282e-13,1.4016772322794924e-16,1.1898090341372253e-15,solve,True,rational_verified,0.707335418,353667709,500000000,0.009181527889358,0.0,0,0.324711294909674,5.005998146251507e-06,1.1898090341372253e-15
open_room,12,open_room_12,endpoints,boundary,0,143,1e+06,1000000.0,143,1,0.3572645129498667,1.0,0.00021471452624877152,2.3314683517128287e-15,2.3314683517128287e-15,True,rational_verified_conditioned_certificate,0.5773561868149598,0.5773566698572111,True,1.0,962236.1056226706,962236.1056226706,962236.1056226706,0.95,0.95,0.0,0.0,0.0,0.0,3.6415311616792656e-25,solve,True,rational_verified,0.577357187,577357187,1000000000,0.46480103998170835,0.0,0,0.029018631609764967,6.743405818874714e-10,3.6415311616792656e-25
open_room,12,open_room_12,endpoints,boundary,0,143,1e+09,1000000000.0,143,1,0.3572645129498667,1.0,0.00021471452624877152,2.3314683517128287e-15,2.3314683517128287e-15,True,rational_verified_conditioned_certificate,0.44731256794402946,0.4473125682748145,True,1.0,925737415.0874095,925737415.0874095,925737415.0874095,0.95,0.95,0.0,0.0,0.0,0.0,1.3507152423719373e-36,solve,True,rational_verified,0.447313568,13978549,31250000,0.306221075871488,0.0,0,0.004697839231849134,3.10065443467803e-14,1.3507152423719373e-36
open_room,12,open_room_12,endpoints,boundary,0,143,1e+12,1000000000000.0,143,1,0.3572645129498667,1.0,0.00021471452624877152,2.3314683517128287e-15,2.3314683517128287e-15,True,rational_verified_conditioned_certificate,0.372673678266677,0.3726736782668732,True,1.0,909140275592.5723,909140275592.5723,909140275592.5723,0.95,0.95,0.0,0.0,0.0,0.0,6.922546071659494e-44,solve,True,rational_verified,0.372674679,372674679,1000000000,0.17834964523363867,0.0,0,0.009833514174876799,1.8846373062643585e-16,6.922546071659494e-44
open_room,12,open_room_12,endpoints,boundary,0,143,inf,inf,143,1,0.3572645129498667,1.0,0.00021471452624877152,2.3314683517128287e-15,2.3314683517128287e-15,True,rational_verified_conditioned_certificate,0.3591541861744419,0.35915418617444766,True,1.0,15296570030258.455,15296570030258.455,15296570030258.455,0.95,0.95,0.0,0.0,0.0,0.0,9.700730551732371e-45,solve,True,rational_verified,0.359155187,359155187,1000000000,0.088121387,0.0,0,0.047844816655930544,2.8107663377403387e-16,9.700730551732371e-45
open_room,12,open_room_12,endpoints,residual,0,143,100,100.0,141,3,0.3554437786971517,1.0,2.6080306962439348e-05,1.2490009027033011e-15,1.2490009027033011e-15,True,rational_verified_conditioned_certificate,0.8769301591321957,0.8858890720108654,True,1.0,89.09258984933079,89.09258984933079,36.571989025466344,0.95,0.95,0.0,0.0,0.0,0.0,1.239385415109483e-05,solve,True,rational_verified,0.87693116,21923279,25000000,8.962943773333334e-05,0.0,0,3.703102731320914,0.05539186239384535,1.239385415109483e-05
open_room,12,open_room_12,endpoints,residual,0,143,10000,10000.0,141,3,0.3554437786971517,1.0,2.6080306962439348e-05,1.2490009027033011e-15,1.2490009027033011e-15,True,rational_verified_conditioned_certificate,0.6901969542651731,0.690270338315206,True,1.0,8041.643723764661,8041.643723764661,2446.7784178636025,0.95,0.95,0.0,0.0,0.0,0.0,1.2669355650637314e-17,solve,True,rational_verified,0.690197955,138039591,200000000,0.008047726717753334,0.0,0,0.03642024250812949,2.561415685707111e-07,1.2669355650637314e-17
open_room,12,open_room_12,endpoints,residual,0,143,1e+06,1000000.0,141,3,0.3554437786971517,1.0,2.6080306962439348e-05,1.2490009027033011e-15,1.2490009027033011e-15,True,rational_verified_conditioned_certificate,0.5563209639441438,0.556321461818374,True,1.0,885020.3827253474,885020.3827253474,335987.08410306915,0.95,0.95,-1.1641532182693481e-10,-2.3644571303027527e-16,1.1641532182693481e-10,2.3644571303027527e-16,1.0091534600907268e-27,solve,True,rational_verified,0.556321964,139080491,250000000,0.44062930884757334,0.0,0,0.0028360659927809525,2.00969410864781e-11,1.0091534600907268e-27
open_room,12,open_room_12,endpoints,residual,0,143,1e+09,1000000000.0,141,3,0.3554437786971517,1.0,2.6080306962439348e-05,1.2490009027033011e-15,1.2490009027033011e-15,True,rational_verified_conditioned_certificate,0.42944535967617187,0.4294453600543268,True,1.0,743927845.0280732,743927845.0280732,399871951.0697004,0.95,0.95,0.0,0.0,0.0,0.0,2.940818762052731e-39,solve,True,rational_verified,0.42944636,10736159,25000000,0.2813209266666667,0.0,0,0.000512045412730249,9.169839621086053e-16,2.940818762052731e-39
open_room,12,open_room_12,endpoints,residual,0,143,1e+12,1000000000000.0,141,3,0.3554437786971517,1.0,2.6080306962439348e-05,1.2490009027033011e-15,1.2490009027033011e-15,True,rational_verified_conditioned_certificate,0.36025969051468293,0.36025969051480855,True,1.0,953917716480.87,953917716480.87,668432424582.5311,0.95,0.95,0.0,0.0,0.0,0.0,6.312465736932125e-46,solve,True,rational_verified,0.360260691,360260691,1000000000,0.119869741,0.0,0,0.0023178992798259706,1.502436243663249e-17,6.312465736932125e-46
open_room,12,open_room_12,endpoints,residual,0,143,inf,inf,141,3,0.3554437786971517,1.0,2.6080306962439348e-05,1.2490009027033011e-15,1.2490009027033011e-15,True,rational_verified_conditioned_certificate,0.35694467059153684,0.35694467059156487,True,1.0,2374218776489.539,2374218776489.539,1688440140755.09,0.95,0.95,0.0001220703125,1.4404175993400143e-16,0.0,0.0,4.81368089279684e-46,solve,True,rational_verified,0.356945671,356945671,1000000000,0.06651355433333334,0.0,0,0.004293294693514897,2.0702346126240172e-17,4.81368089279684e-46
maze,13,maze_13,endpoints,boundary,70,0,100,100.0,70,1,0.4644882339024664,1.0,0.001141422144890658,0.0,0.0,True,rational_verified_conditioned_certificate,0.9702052637245038,0.9796844460380468,True,1.0,96.27906168634495,96.27906168634495,31.33710703071809,0.95,0.95,0.0,0.0,0.0,0.0,20.18602374376405,solve,True,rational_verified,0.970206264,121275783,125000000,9.6594444368e-05,0.0,0,368.2498979993014,139.88742741438833,20.18602374376405
maze,13,maze_13,endpoints,boundary,70,0,10000,10000.0,70,1,0.4644882339024664,1.0,0.001141422144890658,0.0,0.0,True,rational_verified_conditioned_certificate,0.878024417635849,0.8781066762282804,True,1.0,9833.970782431485,9833.970782431485,187.27029467009888,0.95,0.95,1.8189894035458565e-12,2.1066610311301983e-16,0.0,0.0,7.520906425617474e-05,solve,True,rational_verified,0.878025418,439012709,500000000,0.009837515336876,0.0,0,19.93596170376937,0.31034745542034853,7.520906425617474e-05
maze,13,maze_13,endpoints,boundary,70,0,1e+06,1000000.0,70,1,0.4644882339024664,1.0,0.001141422144890658,0.0,0.0,True,rational_verified_conditioned_certificate,0.803615467776303,0.8036163117011184,True,1.0,867946.0228340282,867946.0228340282,1125.4997315995936,0.95,0.95,0.0,0.0,0.0,0.0,3.07037053350342e-09,solve,True,rational_verified,0.803616468,200904117,250000000,0.7324811697194094,0.0,0,4.004563685345084,0.0036652229700533997,3.07037053350342e-09
maze,13,maze_13,endpoints,boundary,70,0,1e+09,1000000000.0,70,1,0.4644882339024664,1.0,0.001141422144890658,0.0,0.0,True,rational_verified_conditioned_certificate,0.7088103923628741,0.7088103932120031,True,1.0,747230268.5585568,747230268.5585568,19306.184345439593,0.95,0.95,0.0,0.0,0.0,0.0,3.2932449984395465e-15,solve,True,rational_verified,0.708811393,708811393,1000000000,0.6344958763333334,0.0,0,0.735760899870674,1.2125485875576064e-05,3.2932449984395465e-15
maze,13,maze_13,endpoints,boundary,70,0,1e+12,1000000000000.0,70,1,0.4644882339024664,1.0,0.001141422144890658,0.0,0.0,True,rational_verified_conditioned_certificate,0.6275481773634374,0.6275481773641901,True,1.0,730154376774.6232,730154376774.6232,380601.7136204217,0.95,0.95,6.103515625e-05,1.3320431554091577e-16,0.0,0.0,7.648858044021388e-21,solve,True,rational_verified,0.627549178,313774589,500000000,0.5495875946666666,0.0,0,0.20392836401293424,6.826277782255592e-08,7.648858044021388e-21
maze,13,maze_13,endpoints,boundary,70,0,inf,inf,70,1,0.4644882339024664,1.0,0.001141422144890658,0.0,0.0,True,rational_verified_conditioned_certificate,0.4644882392575841,0.4644882392575841,True,1.0,8.845956814728379e+19,8.845956814728379e+19,1473289267.7905607,0.95,0.95,-64.0,-1.240673896796932e-16,64.0,1.240673896796932e-16,2.86405784130192e-34,solve,True,rational_verified,0.46448924,11612231,25000000,0.37395550666666666,0.0,0,0.026755215346874986,5.896571405859865e-13,2.86405784130192e-34
maze,13,maze_13,endpoints,residual,70,0,100,100.0,54,17,0.2764193355078182,1.0,2.0029671421627253e-30,0.0,0.0,True,rational_verified_conditioned_certificate,0.7360239399445636,0.743797489276262,True,1.0,91.39507908515586,91.39507908515586,2.522931955895881,0.9666666666666667,0.95,-1.4210854715202004e-14,-2.112542457244416e-16,1.4210854715202004e-14,2.112542457244416e-16,6.232726299601523e-17,solve,True,rational_verified,0.73602494,36801247,50000000,9.155393692666667e-05,0.0,0,0.00037415518932077145,2.058703805581413e-08,6.232726299601523e-17
maze,13,maze_13,endpoints,residual,70,0,10000,10000.0,54,17,0.2764193355078182,1.0,2.0029671421627253e-30,0.0,0.0,True,rational_verified_conditioned_certificate,0.47839460024790903,0.4784448888838189,True,1.0,8851.135997169684,8851.135997169684,3.816343450397379,0.9666666666666667,0.95,-9.094947017729282e-13,-2.1479041183207843e-16,9.094947017729282e-13,2.1479041183207843e-16,3.4834599411843093e-41,solve,True,rational_verified,0.478395601,478395601,1000000000,0.008857450882530333,0.0,0,1.9165890134805e-10,1.0856494159913294e-20,3.4834599411843093e-41
maze,13,maze_13,endpoints,residual,70,0,1e+06,1000000.0,54,17,0.2764193355078182,1.0,2.0029671421627253e-30,0.0,0.0,True,rational_verified_conditioned_certificate,0.34669847817565824,0.34669884557631514,True,1.0,852925.835414384,852925.835414384,6.4442994713803605,0.9666666666666667,0.95,0.0,0.0,0.0,0.0,4.2967337764700135e-59,solve,True,rational_verified,0.346699479,346699479,1000000000,0.31336614566666665,0.0,0,6.277007587414506e-15,1.1918307446325678e-29,4.2967337764700135e-59
maze,13,maze_13,endpoints,residual,70,0,1e+09,1000000000.0,54,17,0.2764193355078182,1.0,2.0029671421627253e-30,0.0,0.0,True,rational_verified_conditioned_certificate,0.2785466971523288,0.2785466974398485,True,1.0,852857688.6359617,852857688.6359617,36.121036498623035,0.9666666666666667,0.95,-2.9802322387695312e-08,-1.2545140400896205e-16,2.9802322387695312e-08,1.2545140400896205e-16,1.1930878561641306e-70,solve,True,rational_verified,0.278547698,139273849,500000000,0.24521436466666666,0.0,0,2.32521522041385e-17,4.0105097807238697e-35,1.1930878561641306e-70
maze,13,maze_13,endpoints,residual,70,0,1e+12,1000000000000.0,54,17,0.2764193355078182,1.0,2.0029671421627253e-30,0.0,0.0,True,rational_verified_conditioned_certificate,0.27810424083769925,0.27810424105739967,True,1.0,1114112127.8536706,1114112127.8536706,42.65186486669886,0.9666666666666667,0.95,0.0,0.0,0.0,0.0,1.1468910463839205e-70,solve,True,rational_verified,0.278105241,278105241,1000000000,0.24477190766666668,0.0,0,2.6037030817690235e-17,4.268104317069904e-35,1.1468910463839205e-70
maze,13,maze_13,endpoints,residual,70,0,inf,inf,54,17,0.2764193355078182,1.0,2.0029671421627253e-30,0.0,0.0,True,rational_verified_conditioned_certificate,0.27810424083769925,0.27810424105739967,True,1.0,1114112127.8536706,1114112127.8536706,42.65186486669886,0.9666666666666667,0.95,0.0,0.0,0.0,0.0,1.1468910463839205e-70,solve,True,rational_verified,0.278105241,278105241,1000000000,0.24477190766666668,0.0,0,2.6037030817690235e-17,4.268104317069904e-35,1.1468910463839205e-70
maze,13,maze_13,endpoints,boundary,0,70,100,100.0,70,1,0.2941197167967785,1.0,0.0010394282046358727,1.3322676295501878e-15,1.3322676295501878e-15,True,rational_verified_conditioned_certificate,0.9270474198944966,0.9375161921463275,True,1.0,83.07106294846268,83.07106294846268,59.7681659104579,0.95,0.95,-1.4210854715202004e-14,-1.8453063759633027e-16,1.4210854715202004e-14,1.8453063759633027e-16,0.044391964937940766,solve,True,rational_verified,0.92704842,46352421,50000000,8.325187046e-05,0.0,0,63.90240640789354,5.659519989807284,0.044391964937940766
maze,13,maze_13,endpoints,boundary,0,70,10000,10000.0,70,1,0.2941197167967785,1.0,0.0010394282046358727,1.3322676295501878e-15,1.3322676295501878e-15,True,rational_verified_conditioned_certificate,0.7678434020050113,0.7679172851149307,True,1.0,9416.098095619496,9416.098095619496,3023.396627957985,0.95,0.95,9.094947017729282e-13,1.2579301963171466e-16,0.0,0.0,1.9615998643962966e-11,solve,True,rational_verified,0.767844403,767844403,1000000000,0.009426012556688,0.0,0,2.0250482352087267,0.00043167847038675034,1.9615998643962966e-11
maze,13,maze_13,endpoints,boundary,0,70,1e+06,1000000.0,70,1,0.2941197167967785,1.0,0.0010394282046358727,1.3322676295501878e-15,1.3322676295501878e-15,True,rational_verified_conditioned_certificate,0.6518753056563682,0.6518759276723961,True,1.0,924607.7308378902,924607.7308378902,144323.9748825123,0.95,0.95,1.1641532182693481e-10,1.931470561966217e-16,0.0,0.0,4.193257659065339e-19,solve,True,rational_verified,0.651876306,325938153,500000000,0.575121160592786,0.0,0,0.29023963947736625,3.2811166216581775e-07,4.193257659065339e-19
maze,13,maze_13,endpoints,boundary,0,70,1e+09,1000000000.0,70,1,0.2941197167967785,1.0,0.0010394282046358727,1.3322676295501878e-15,1.3322676295501878e-15,True,rational_verified_conditioned_certificate,0.5269083112577907,0.5269083119650511,True,1.0,625539799.027724,625539799.027724,37151172.149863504,0.95,0.95,-5.960464477539063e-08,-1.8083817219584988e-16,5.960464477539063e-08,1.8083817219584988e-16,9.474845394976868e-29,solve,True,rational_verified,0.526909312,4116479,7812500,0.442420512,0.0,0,0.04897871935246128,6.102797987329536e-11,9.474845394976868e-29
maze,13,maze_13,endpoints,boundary,0,70,1e+12,1000000000000.0,70,1,0.2941197167967785,1.0,0.0010394282046358727,1.3322676295501878e-15,1.3322676295501878e-15,True,rational_verified_conditioned_certificate,0.4287194710516808,0.4287194710521371,True,1.0,730861832925.6678,730861832925.6678,16368300420.632288,0.95,0.95,0.0,0.0,0.0,0.0,9.665440006302955e-38,solve,True,rational_verified,0.428720472,53590059,125000000,0.33350426141447465,0.0,0,0.019796738271808778,3.358430026348982e-14,9.665440006302955e-38
maze,13,maze_13,endpoints,boundary,0,70,inf,inf,70,1,0.2941197167967785,1.0,0.0010394282046358727,1.3322676295501878e-15,1.3322676295501878e-15,True,rational_verified_conditioned_certificate,0.2993938218094615,0.2993938218094615,True,1.0,3.791171256950369e+19,3.791171256950369e+19,4.5335247926218906e+17,0.95,0.95,-2048.0,-1.8043206315103155e-16,2048.0,1.8043206315103155e-16,1.6749862345110355e-50,solve,True,rational_verified,0.299394822,149697411,500000000,0.159535322,0.0,0,3.19668000370999,5.552260793193183e-17,1.6749862345110355e-50
maze,13,maze_13,endpoints,residual,0,70,100,100.0,54,17,0.27267730788712696,1.0,0.0,0.0,0.0,True,rational_verified_conditioned_certificate,0.6623935203545909,0.6688932493778815,True,1.0,97.78252505098767,97.78252505098767,2.669378923117305,0.9666666666666667,0.95,0.0,0.0,0.0,0.0,6.415786902036355e-23,solve,True,rational_verified,0.662394521,662394521,1000000000,9.8259545525e-05,0.0,0,9.552272140766049e-06,1.8022751781971636e-11,6.415786902036355e-23
maze,13,maze_13,endpoints,residual,0,70,10000,10000.0,54,17,0.27267730788712696,1.0,0.0,0.0,0.0,True,rational_verified_conditioned_certificate,0.40212969017106664,0.40216836693228597,True,1.0,9536.347459588489,9536.347459588489,4.264756410173731,0.9666666666666667,0.95,4.547473508864641e-13,1.185828741083367e-16,0.0,0.0,6.335719642062196e-51,solve,True,rational_verified,0.402130691,402130691,1000000000,0.009544789228193334,0.0,0,6.06242784169223e-13,1.325449051620176e-25,6.335719642062196e-51
maze,13,maze_13,endpoints,residual,0,70,1e+06,1000000.0,54,17,0.27267730788712696,1.0,0.0,0.0,0.0,True,rational_verified_conditioned_certificate,0.3004743965953456,0.30047480018517897,True,1.0,661913.2712804978,661913.2712804978,6.365625215126656,0.9666666666666667,0.95,0.0,0.0,0.0,0.0,3.814855078341514e-67,solve,True,rational_verified,0.300475397,300475397,1000000000,0.26714206366666665,0.0,0,5.1518209421499547e-17,1.0041529185855581e-33,3.814855078341514e-67
maze,13,maze_13,endpoints,residual,0,70,1e+09,1000000000.0,54,17,0.27267730788712696,1.0,0.0,0.0,0.0,True,rational_verified_conditioned_certificate,0.27274203594413876,0.27274203619087495,True,1.0,970302395.1530163,970302395.1530163,7.594869053783177,0.9666666666666667,0.95,-2.9802322387695312e-08,-1.1261362199296257e-16,2.9802322387695312e-08,1.1261362199296257e-16,1.6448512082488786e-72,solve,True,rational_verified,0.272743036,68185759,250000000,0.23940970266666667,0.0,0,2.4206228240133088e-18,2.1281077926522373e-36,1.6448512082488786e-72
maze,13,maze_13,endpoints,residual,0,70,1e+12,1000000000000.0,54,17,0.27267730788712696,1.0,0.0,0.0,0.0,True,rational_verified_conditioned_certificate,0.2726773827702099,0.2726773827704943,True,1.0,841639275755.8252,841639275755.8252,7.598459949485861,0.9666666666666667,0.95,0.0,0.0,0.0,0.0,1.595920692004723e-72,solve,True,rational_verified,0.272678383,272678383,1000000000,0.23934504966666667,0.0,0,2.4026808438280645e-18,2.096369467315464e-36,1.595920692004723e-72
maze,13,maze_13,endpoints,residual,0,70,inf,inf,54,17,0.27267730788712696,1.0,0.0,0.0,0.0,True,rational_verified_conditioned_certificate,0.2726773151603263,0.2726773151603539,True,1.0,8665343100810.205,8665343100810.205,7.598463706826815,0.9666666666666667,0.95,0.0,0.0,0.0,0.0,1.595870287560506e-72,solve,True,rational_verified,0.272678316,68169579,250000000,0.23934498266666668,0.0,0,2.4026621492084654e-18,2.0963365228990007e-36,1.595870287560506e-72
four_rooms,11,four_rooms_11,endpoints,boundary,103,0,100,100.0,103,1,0.37169139611109203,1.0,5.02912764652752e-05,9.992007221626409e-16,9.992007221626409e-16,True,rational_verified_conditioned_certificate,0.8727870445953712,0.8808201970977813,True,1.0,98.69899833901863,98.69899833901863,98.69899833901863,0.95,0.95,0.0,0.0,0.0,0.0,1.756606793440582e-05,solve,True,rational_verified,0.872788045,174557609,200000000,9.822454557666666e-05,0.0,0,8.26948786037931,0.10630261023694226,1.756606793440582e-05
four_rooms,11,four_rooms_11,endpoints,boundary,103,0,10000,10000.0,103,1,0.37169139611109203,1.0,5.02912764652752e-05,9.992007221626409e-16,9.992007221626409e-16,True,rational_verified_conditioned_certificate,0.6821264141137277,0.6821871922607499,True,1.0,9564.943858526636,9564.943858526636,9564.943858526636,0.95,0.95,1.8189894035458565e-12,2.787936493311881e-16,0.0,0.0,1.0585696754402967e-17,solve,True,rational_verified,0.682127415,136425483,200000000,0.009573359794485,0.0,0,0.09412222921801036,4.543263781291442e-07,1.0585696754402967e-17
four_rooms,11,four_rooms_11,endpoints,boundary,103,0,1e+06,1000000.0,103,1,0.37169139611109203,1.0,5.02912764652752e-05,9.992007221626409e-16,9.992007221626409e-16,True,rational_verified_conditioned_certificate,0.5550615466056701,0.5550620691650497,True,1.0,840450.7032133752,840450.7032133752,840450.7032133752,0.95,0.95,5.820766091346741e-11,1.2477476513952759e-16,0.0,0.0,1.879070851793914e-27,solve,True,rational_verified,0.555062547,555062547,1000000000,0.43918588033333333,0.0,0,0.006564377935338942,4.326234967912671e-11,1.879070851793914e-27
four_rooms,11,four_rooms_11,endpoints,boundary,103,0,1e+09,1000000000.0,103,1,0.37169139611109203,1.0,5.02912764652752e-05,9.992007221626409e-16,9.992007221626409e-16,True,rational_verified_conditioned_certificate,0.43271737804210336,0.43271737845146296,True,1.0,699448304.0402409,699448304.0402409,699448304.0402409,0.95,0.95,0.0,0.0,0.0,0.0,1.377333817540443e-38,solve,True,rational_verified,0.432718379,432718379,1000000000,0.286326879,0.0,0,0.0011572384787495405,2.6421754162766892e-15,1.377333817540443e-38
four_rooms,11,four_rooms_11,endpoints,boundary,103,0,1e+12,1000000000000.0,103,1,0.37169139611109203,1.0,5.02912764652752e-05,9.992007221626409e-16,9.992007221626409e-16,True,rational_verified_conditioned_certificate,0.37540952898152574,0.3754095289817898,True,1.0,727510260069.1783,727510260069.1783,727510260069.1783,0.95,0.95,0.0,0.0,0.0,0.0,1.4293877362199797e-43,solve,True,rational_verified,0.375410529,375410529,1000000000,0.19212714352369767,0.0,0,0.010061019997368565,2.4367521542814757e-16,1.4293877362199797e-43
four_rooms,11,four_rooms_11,endpoints,boundary,103,0,inf,inf,103,1,0.37169139611109203,1.0,5.02912764652752e-05,9.992007221626409e-16,9.992007221626409e-16,True,rational_verified_conditioned_certificate,0.37540952898152574,0.3754095289817898,True,1.0,727510260069.1783,727510260069.1783,727510260069.1783,0.95,0.95,0.0,0.0,0.0,0.0,1.4293877362199797e-43,solve,True,rational_verified,0.375410529,375410529,1000000000,0.19212714352369767,0.0,0,0.010061019997368565,2.4367521542814757e-16,1.4293877362199797e-43
four_rooms,11,four_rooms_11,endpoints,residual,103,0,100,100.0,89,15,0.36664329015843794,1.0,8.695570566902045e-08,1.3592542018201058e-20,1.3592542018201058e-20,True,rational_verified_conditioned_certificate,0.8156863984361018,0.8237985598873689,True,1.0,90.35153759461822,90.35153759461822,12.775243768261811,0.95,0.95,-1.4210854715202004e-14,-1.9282415248726896e-16,1.4210854715202004e-14,1.9282415248726896e-16,2.5411532763655275e-10,solve,True,rational_verified,0.815687399,815687399,1000000000,9.061020299533334e-05,0.0,0,0.07921395410925537,0.00011682741001257725,2.5411532763655275e-10
four_rooms,11,four_rooms_11,endpoints,residual,103,0,10000,10000.0,89,15,0.36664329015843794,1.0,8.695570566902045e-08,1.3592542018201058e-20,1.3592542018201058e-20,True,rational_verified_conditioned_certificate,0.5994841451587168,0.5995421815622022,True,1.0,8445.561150645502,8445.561150645502,1069.7678478361381,0.95,0.95,0.0,0.0,0.0,0.0,5.466595495575603e-26,solve,True,rational_verified,0.599485146,299742573,500000000,0.008453059163046,0.0,0,0.00011777621306841619,9.118933258160291e-12,5.466595495575603e-26
four_rooms,11,four_rooms_11,endpoints,residual,103,0,1e+06,1000000.0,89,15,0.36664329015843794,1.0,8.695570566902045e-08,1.3592542018201058e-20,1.3592542018201058e-20,True,rational_verified_conditioned_certificate,0.47139529723699397,0.47139567966210694,True,1.0,886391.5905554579,886391.5905554579,152341.91817600303,0.95,0.95,0.0,0.0,0.0,0.0,2.014228243951775e-37,solve,True,rational_verified,0.471396298,235698149,500000000,0.3389790146666667,0.0,0,4.561683044805872e-06,1.6123263984038048e-16,2.014228243951775e-37
four_rooms,11,four_rooms_11,endpoints,residual,103,0,1e+09,1000000000.0,89,15,0.36664329015843794,1.0,8.695570566902045e-08,1.3592542018201058e-20,1.3592542018201058e-20,True,rational_verified_conditioned_certificate,0.37866951668177395,0.37866951692168527,True,1.0,863548373.85398,863548373.85398,207240742.9885281,0.95,0.95,5.960464477539063e-08,1.822775103181675e-16,0.0,0.0,1.2487072501929159e-46,solve,True,rational_verified,0.378670517,378670517,1000000000,0.20717605033333333,0.0,0,3.832370432667697e-06,1.2240482340530274e-19,1.2487072501929159e-46
four_rooms,11,four_rooms_11,endpoints,residual,103,0,1e+12,1000000000000.0,89,15,0.36664329015843794,1.0,8.695570566902045e-08,1.3592542018201058e-20,1.3592542018201058e-20,True,rational_verified_conditioned_certificate,0.3703912960953261,0.37039129613378713,True,1.0,5011247919.782647,5011247919.782647,1249253989.2463322,0.95,0.95,-2.384185791015625e-07,-1.2844980043453691e-16,2.384185791015625e-07,1.2844980043453691e-16,4.2908495390756986e-47,solve,True,rational_verified,0.370392297,370392297,1000000000,0.19273854391084666,0.0,0,1.0992820112426062e-05,1.7308277231754934e-19,4.2908495390756986e-47
four_rooms,11,four_rooms_11,endpoints,residual,103,0,inf,inf,89,15,0.36664329015843794,1.0,8.695570566902045e-08,1.3592542018201058e-20,1.3592542018201058e-20,True,rational_verified_conditioned_certificate,0.3703912960953261,0.37039129613378713,True,1.0,5011247919.782647,5011247919.782647,1249253989.2463322,0.95,0.95,-2.384185791015625e-07,-1.2844980043453691e-16,2.384185791015625e-07,1.2844980043453691e-16,4.2908495390756986e-47,solve,True,rational_verified,0.370392297,370392297,1000000000,0.19273854391084666,0.0,0,1.0992820112426062e-05,1.7308277231754934e-19,4.2908495390756986e-47
four_rooms,11,four_rooms_11,endpoints,boundary,0,103,100,100.0,103,1,0.3716805771148498,1.0,5.0134360526810084e-05,1.2212453270876722e-15,1.2212453270876722e-15,True,rational_verified_conditioned_certificate,0.8727852238989793,0.8808181449122282,True,1.0,98.70157495367187,98.70157495367187,98.70157495367187,0.95,0.95,0.0,0.0,0.0,0.0,1.756154858769707e-05,solve,True,rational_verified,0.872786224,54549139,62500000,9.916376946666667e-05,0.0,0,8.269016123636337,0.10628945063393655,1.756154858769707e-05
four_rooms,11,four_rooms_11,endpoints,boundary,0,103,10000,10000.0,103,1,0.3716805771148498,1.0,5.0134360526810084e-05,1.2212453270876722e-15,1.2212453270876722e-15,True,rational_verified_conditioned_certificate,0.6821209460919978,0.6821817197659418,True,1.0,9565.549808381997,9565.549808381997,9565.549808381997,0.95,0.95,9.094947017729282e-13,1.39389111643599e-16,0.0,0.0,1.0575243896050947e-17,solve,True,rational_verified,0.682121947,682121947,1000000000,0.009573858436176,0.0,0,0.09410167645290497,4.541106679883543e-07,1.0575243896050947e-17
four_rooms,11,four_rooms_11,endpoints,boundary,0,103,1e+06,1000000.0,103,1,0.3716805771148498,1.0,5.0134360526810084e-05,1.2212453270876722e-15,1.2212453270876722e-15,True,rational_verified_conditioned_certificate,0.5550538850148666,0.5550544076723185,True,1.0,840276.0160143753,840276.0160143753,840276.0160143753,0.95,0.95,5.820766091346741e-11,1.2480242755987135e-16,0.0,0.0,1.875305762689128e-27,solve,True,rational_verified,0.555054886,277527443,500000000,0.43917700266666665,0.0,0,0.006559911759396344,4.321382356020891e-11,1.875305762689128e-27
four_rooms,11,four_rooms_11,endpoints,boundary,0,103,1e+09,1000000000.0,103,1,0.3716805771148498,1.0,5.0134360526810084e-05,1.2212453270876722e-15,1.2212453270876722e-15,True,rational_verified_conditioned_certificate,0.4327076098650327,0.43270761027621785,True,1.0,696309485.4603679,696309485.4603679,696309485.4603679,0.95,0.95,0.0,0.0,0.0,0.0,1.3671423001817012e-38,solve,True,rational_verified,0.43270861,43270861,100000000,0.28631312666666664,0.0,0,0.0011511675771774172,2.626416549914496e-15,1.3671423001817012e-38
four_rooms,11,four_rooms_11,endpoints,boundary,0,103,1e+12,1000000000000.0,103,1,0.3716805771148498,1.0,5.0134360526810084e-05,1.2212453270876722e-15,1.2212453270876722e-15,True,rational_verified_conditioned_certificate,0.37539877400869287,0.3753987740089675,True,1.0,699445276080.2198,699445276080.2198,699445276080.2198,0.95,0.95,3.0517578125e-05,1.1622604876055118e-16,0.0,0.0,1.3691535543789226e-43,solve,True,rational_verified,0.375399775,15015991,40000000,0.19210448856455833,0.0,0,0.009663591491471892,2.3383513198580114e-16,1.3691535543789226e-43
four_rooms,11,four_rooms_11,endpoints,boundary,0,103,inf,inf,103,1,0.3716805771148498,1.0,5.0134360526810084e-05,1.2212453270876722e-15,1.2212453270876722e-15,True,rational_verified_conditioned_certificate,0.37539877400869287,0.3753987740089675,True,1.0,699445276080.2198,699445276080.2198,699445276080.2198,0.95,0.95,3.0517578125e-05,1.1622604876055118e-16,0.0,0.0,1.3691535543789226e-43,solve,True,rational_verified,0.375399775,15015991,40000000,0.19210448856455833,0.0,0,0.009663591491471892,2.3383513198580114e-16,1.3691535543789226e-43
four_rooms,11,four_rooms_11,endpoints,residual,0,103,100,100.0,89,15,0.36663343245828217,1.0,8.584404645923775e-08,2.2219369740622287e-16,2.2219369740622287e-16,True,rational_verified_conditioned_certificate,0.8156683176365181,0.8237958174502296,True,1.0,90.18066839597913,90.18066839597913,12.763591573847824,0.95,0.95,1.4210854715202004e-14,1.9319378712184153e-16,0.0,0.0,2.531337781299056e-10,solve,True,rational_verified,0.815669318,407834659,500000000,8.9914344424e-05,0.0,0,0.07907607567674002,0.00011654136647208024,2.531337781299056e-10
four_rooms,11,four_rooms_11,endpoints,residual,0,103,10000,10000.0,89,15,0.36663343245828217,1.0,8.584404645923775e-08,2.2219369740622287e-16,2.2219369740622287e-16,True,rational_verified_conditioned_certificate,0.5994775872758861,0.5995359487505214,True,1.0,8398.399617426869,8398.399617426869,1064.6710377999914,0.95,0.95,-9.094947017729282e-13,-1.8064697230694662e-16,9.094947017729282e-13,1.8064697230694662e-16,5.432789348335019e-26,solve,True,rational_verified,0.599478588,149869647,250000000,0.008403808900796,0.0,0,0.00011717085415321118,9.068887599032651e-12,5.432789348335019e-26
four_rooms,11,four_rooms_11,endpoints,residual,0,103,1e+06,1000000.0,89,15,0.36663343245828217,1.0,8.584404645923775e-08,2.2219369740622287e-16,2.2219369740622287e-16,True,rational_verified_conditioned_certificate,0.47138706611228326,0.4713874523506883,True,1.0,877613.4266426136,877613.4266426136,150962.55621203268,0.95,0.95,0.0,0.0,0.0,0.0,1.9914687050358495e-37,solve,True,rational_verified,0.471388067,471388067,1000000000,0.3389686336666667,0.0,0,4.517705472637873e-06,1.5958905561808237e-16,1.9914687050358495e-37
four_rooms,11,four_rooms_11,endpoints,residual,0,103,1e+09,1000000000.0,89,15,0.36663343245828217,1.0,8.584404645923775e-08,2.2219369740622287e-16,2.2219369740622287e-16,True,rational_verified_conditioned_certificate,0.3786598461521479,0.37865984640031136,True,1.0,834766880.1094203,834766880.1094203,200600324.93445125,0.95,0.95,5.960464477539063e-08,1.8856697759237692e-16,0.0,0.0,1.2047019035366078e-46,solve,True,rational_verified,0.378660847,378660847,1000000000,0.20715954162625333,0.0,0,3.7063907415584886e-06,1.1828436255089368e-19,1.2047019035366078e-46
four_rooms,11,four_rooms_11,endpoints,residual,0,103,1e+12,1000000000000.0,89,15,0.36663343245828217,1.0,8.584404645923775e-08,2.2219369740622287e-16,2.2219369740622287e-16,True,rational_verified_conditioned_certificate,0.3703814967282073,0.37038149676840304,True,1.0,4794540627.664094,4794540627.664094,1197072114.059059,0.95,0.95,0.0,0.0,0.0,0.0,4.0975462173805854e-47,solve,True,rational_verified,0.370382497,370382497,1000000000,0.19272087646384067,0.0,0,1.0524288734126133e-05,1.6556547899397683e-19,4.0975462173805854e-47
four_rooms,11,four_rooms_11,endpoints,residual,0,103,inf,inf,89,15,0.36663343245828217,1.0,8.584404645923775e-08,2.2219369740622287e-16,2.2219369740622287e-16,True,rational_verified_conditioned_certificate,0.3703814967282073,0.37038149676840304,True,1.0,4794540627.664094,4794540627.664094,1197072114.059059,0.95,0.95,0.0,0.0,0.0,0.0,4.0975462173805854e-47,solve,True,rational_verified,0.370382497,370382497,1000000000,0.19272087646384067,0.0,0,1.0524288734126133e-05,1.6556547899397683e-19,4.0975462173805854e-47
